No.,Player,Pos,Ht,Wt,Birth Date,Birth,Exp,College,URL,Team,Season
10,Zaccharie Risacher,SF,6-8,200,"April 8, 2005",es ES,0,,https://www.basketball-reference.com/teams/ATL/2025.html,ATL,2024-2025
15,Clint Capela,C,6-10,240,"May 18, 1994",ch CH,10,,https://www.basketball-reference.com/teams/ATL/2025.html,ATL,2024-2025
11,Trae Young,PG,6-1,164,"September 19, 1998",us US,6,Oklahoma,https://www.basketball-reference.com/teams/ATL/2025.html,ATL,2024-2025
1,Jalen Johnson,SF,6-9,220,"December 18, 2001",us US,3,Duke,https://www.basketball-reference.com/teams/ATL/2025.html,ATL,2024-2025
5,Dyson Daniels,SG,6-8,199,"March 17, 2003",au AU,2,,https://www.basketball-reference.com/teams/ATL/2025.html,ATL,2024-2025
17,Onyeka Okongwu,C,6-8,235,"December 11, 2000",us US,4,USC,https://www.basketball-reference.com/teams/ATL/2025.html,ATL,2024-2025
24,Garrison Mathews,SG,6-5,215,"October 24, 1996",us US,5,Lipscomb,https://www.basketball-reference.com/teams/ATL/2025.html,ATL,2024-2025
12,De'Andre Hunter,SF,6-8,225,"December 2, 1997",us US,5,Virginia,https://www.basketball-reference.com/teams/ATL/2025.html,ATL,2024-2025
8,David Roddy,PF,6-4,255,"March 27, 2001",us US,2,Colorado State,https://www.basketball-reference.com/teams/ATL/2025.html,ATL,2024-2025
27,Vit Krejci,PG,6-8,195,"June 19, 2000",cz CZ,3,,https://www.basketball-reference.com/teams/ATL/2025.html,ATL,2024-2025
13,Bogdan Bogdanović,SG,6-5,220,"August 18, 1992",rs RS,7,,https://www.basketball-reference.com/teams/ATL/2025.html,ATL,2024-2025
2,Keaton Wallace  (TW),PG,6-3,195,"February 26, 1999",us US,0,Texas-San Antonio,https://www.basketball-reference.com/teams/ATL/2025.html,ATL,2024-2025
22,Larry Nance Jr.,PF,6-8,245,"January 1, 1993",us US,9,Wyoming,https://www.basketball-reference.com/teams/ATL/2025.html,ATL,2024-2025
4,Kobe Bufkin,SG,6-4,195,"September 21, 2003",us US,1,Michigan,https://www.basketball-reference.com/teams/ATL/2025.html,ATL,2024-2025
0,Dominick Barlow  (TW),SF,6-9,221,"May 26, 2003",us US,2,,https://www.basketball-reference.com/teams/ATL/2025.html,ATL,2024-2025
18,Mouhamed Gueye,PF,6-11,210,"November 9, 2002",sn SN,1,Washington State,https://www.basketball-reference.com/teams/ATL/2025.html,ATL,2024-2025
NA,Cody Zeller,C,6-11,240,"October 5, 1992",us US,11,Indiana,https://www.basketball-reference.com/teams/ATL/2025.html,ATL,2024-2025
11,Payton Pritchard,PG,6-1,195,"January 28, 1998",us US,4,Oregon,https://www.basketball-reference.com/teams/BOS/2025.html,BOS,2024-2025
9,Derrick White,SG,6-4,190,"July 2, 1994",us US,7,"Colorado-Colorado Springs, Colorado",https://www.basketball-reference.com/teams/BOS/2025.html,BOS,2024-2025
0,Jayson Tatum,PF,6-8,210,"March 3, 1998",us US,7,Duke,https://www.basketball-reference.com/teams/BOS/2025.html,BOS,2024-2025
4,Jrue Holiday,PG,6-4,205,"June 12, 1990",us US,15,UCLA,https://www.basketball-reference.com/teams/BOS/2025.html,BOS,2024-2025
7,Jaylen Brown,SF,6-6,223,"October 24, 1996",us US,8,California,https://www.basketball-reference.com/teams/BOS/2025.html,BOS,2024-2025
88,Neemias Queta,C,7-0,245,"July 13, 1999",pt PT,3,Utah State University,https://www.basketball-reference.com/teams/BOS/2025.html,BOS,2024-2025
40,Luke Kornet,C,7-2,250,"July 15, 1995",us US,7,Vanderbilt,https://www.basketball-reference.com/teams/BOS/2025.html,BOS,2024-2025
42,Al Horford,C,6-9,240,"June 3, 1986",do DO,17,Florida,https://www.basketball-reference.com/teams/BOS/2025.html,BOS,2024-2025
30,Sam Hauser,PF,6-8,215,"December 8, 1997",us US,3,"Marquette, Virginia",https://www.basketball-reference.com/teams/BOS/2025.html,BOS,2024-2025
27,Jordan Walsh,PF,6-7,205,"March 3, 2004",us US,1,Arkansas,https://www.basketball-reference.com/teams/BOS/2025.html,BOS,2024-2025
26,Xavier Tillman Sr.,C,6-8,245,"January 12, 1999",us US,4,Michigan State,https://www.basketball-reference.com/teams/BOS/2025.html,BOS,2024-2025
44,Jaden Springer,SG,6-4,204,"September 25, 2002",us US,3,Tennessee,https://www.basketball-reference.com/teams/BOS/2025.html,BOS,2024-2025
8,Kristaps Porziņģis,C,7-2,240,"August 2, 1995",lv LV,8,,https://www.basketball-reference.com/teams/BOS/2025.html,BOS,2024-2025
13,Drew Peterson  (TW),PF,6-9,205,"November 9, 1999",us US,1,"Rice University, USC",https://www.basketball-reference.com/teams/BOS/2025.html,BOS,2024-2025
20,JD Davison  (TW),PG,6-1,195,"October 3, 2002",us US,2,Alabama,https://www.basketball-reference.com/teams/BOS/2025.html,BOS,2024-2025
55,Baylor Scheierman,SG,6-6,205,"September 26, 2000",us US,0,"South Dakota State, Creighton",https://www.basketball-reference.com/teams/BOS/2025.html,BOS,2024-2025
NA,Anton Watson  (TW),SF,6-8,225,"October 6, 2000",us US,0,Gonzaga,https://www.basketball-reference.com/teams/BOS/2025.html,BOS,2024-2025
2,Cameron Johnson,PF,6-8,210,"March 3, 1996",us US,5,"Pitt, UNC",https://www.basketball-reference.com/teams/BRK/2025.html,BRK,2024-2025
22,Jalen Wilson,PF,6-8,225,"November 4, 2000",us US,1,Kansas,https://www.basketball-reference.com/teams/BRK/2025.html,BRK,2024-2025
45,Keon Johnson,SG,6-5,186,"March 10, 2002",us US,3,Tennessee,https://www.basketball-reference.com/teams/BRK/2025.html,BRK,2024-2025
7,Shake Milton,SG,6-5,205,"September 26, 1996",us US,6,SMU,https://www.basketball-reference.com/teams/BRK/2025.html,BRK,2024-2025
33,Nic Claxton,C,6-11,215,"April 17, 1999",us US,5,Georgia,https://www.basketball-reference.com/teams/BRK/2025.html,BRK,2024-2025
10,Ben Simmons,PG,6-10,240,"July 20, 1996",au AU,6,LSU,https://www.basketball-reference.com/teams/BRK/2025.html,BRK,2024-2025
1,Ziaire Williams,SF,6-9,215,"September 12, 2001",us US,3,Stanford,https://www.basketball-reference.com/teams/BRK/2025.html,BRK,2024-2025
28,Dorian Finney-Smith,PF,6-7,220,"May 4, 1993",us US,8,Florida,https://www.basketball-reference.com/teams/BRK/2025.html,BRK,2024-2025
21,Noah Clowney,PF,6-10,210,"July 14, 2004",us US,1,Alabama,https://www.basketball-reference.com/teams/BRK/2025.html,BRK,2024-2025
24,Cam Thomas,SG,6-4,210,"October 13, 2001",jp JP,3,LSU,https://www.basketball-reference.com/teams/BRK/2025.html,BRK,2024-2025
9,Trendon Watford,PF,6-9,240,"November 9, 2000",us US,3,LSU,https://www.basketball-reference.com/teams/BRK/2025.html,BRK,2024-2025
13,Tyrese Martin  (TW),SG,6-6,215,"March 7, 1999",us US,1,"Rhode Island, UConn",https://www.basketball-reference.com/teams/BRK/2025.html,BRK,2024-2025
20,Day'Ron Sharpe,C,6-11,265,"November 6, 2001",us US,3,UNC,https://www.basketball-reference.com/teams/BRK/2025.html,BRK,2024-2025
0,Dariq Whitehead,SF,6-7,220,"August 1, 2004",us US,1,Duke,https://www.basketball-reference.com/teams/BRK/2025.html,BRK,2024-2025
NA,Bojan Bogdanović,SF,6-7,226,"April 18, 1989",ba BA,10,,https://www.basketball-reference.com/teams/BRK/2025.html,BRK,2024-2025
NA,De'Anthony Melton,PG,6-2,200,"May 28, 1998",us US,6,USC,https://www.basketball-reference.com/teams/BRK/2025.html,BRK,2024-2025
11,Ayo Dosunmu,SG,6-5,200,"January 17, 2000",us US,3,Illinois,https://www.basketball-reference.com/teams/CHI/2025.html,CHI,2024-2025
9,Nikola Vučević,C,6-10,260,"October 24, 1990",ch CH,13,USC,https://www.basketball-reference.com/teams/CHI/2025.html,CHI,2024-2025
14,Matas Buzelis,SF,6-10,209,"October 13, 2004",us US,0,,https://www.basketball-reference.com/teams/CHI/2025.html,CHI,2024-2025
15,Julian Phillips,SF,6-8,198,"November 5, 2003",us US,1,Tennessee,https://www.basketball-reference.com/teams/CHI/2025.html,CHI,2024-2025
0,Coby White,SG,6-5,195,"February 16, 2000",us US,5,UNC,https://www.basketball-reference.com/teams/CHI/2025.html,CHI,2024-2025
3,Josh Giddey,PG,6-8,210,"October 10, 2002",au AU,3,,https://www.basketball-reference.com/teams/CHI/2025.html,CHI,2024-2025
7,Jalen Smith,C,6-10,215,"March 16, 2000",us US,4,Maryland,https://www.basketball-reference.com/teams/CHI/2025.html,CHI,2024-2025
25,Dalen Terry,SG,6-7,195,"July 12, 2002",us US,2,Arizona,https://www.basketball-reference.com/teams/CHI/2025.html,CHI,2024-2025
8,Zach LaVine,SF,6-5,200,"March 10, 1995",us US,10,UCLA,https://www.basketball-reference.com/teams/CHI/2025.html,CHI,2024-2025
22,Talen Horton-Tucker,SG,6-4,234,"November 25, 2000",us US,5,Iowa State,https://www.basketball-reference.com/teams/CHI/2025.html,CHI,2024-2025
44,Patrick Williams,PF,6-7,215,"August 26, 2001",us US,4,Florida State,https://www.basketball-reference.com/teams/CHI/2025.html,CHI,2024-2025
2,Lonzo Ball,PG,6-6,190,"October 27, 1997",us US,5,UCLA,https://www.basketball-reference.com/teams/CHI/2025.html,CHI,2024-2025
27,Chris Duarte,SG,6-6,190,"June 13, 1997",do DO,3,Oregon,https://www.basketball-reference.com/teams/CHI/2025.html,CHI,2024-2025
5,Jevon Carter,PG,6-1,200,"September 14, 1995",us US,6,West Virginia,https://www.basketball-reference.com/teams/CHI/2025.html,CHI,2024-2025
13,Torrey Craig,SF,6-7,221,"December 19, 1990",us US,7,USC Upstate,https://www.basketball-reference.com/teams/CHI/2025.html,CHI,2024-2025
32,E.J. Liddell  (TW),PF,6-7,240,"December 18, 2000",us US,1,Ohio State,https://www.basketball-reference.com/teams/CHI/2025.html,CHI,2024-2025
21,Adama Sanogo  (TW),C,6-9,245,"February 12, 2002",ml ML,1,UConn,https://www.basketball-reference.com/teams/CHI/2025.html,CHI,2024-2025
NA,DJ Steward  (TW),SG,6-2,163,"October 2, 2001",us US,0,Duke,https://www.basketball-reference.com/teams/CHI/2025.html,CHI,2024-2025
11,Cody Martin,SF,6-5,205,"September 28, 1995",us US,5,"NC State, Nevada",https://www.basketball-reference.com/teams/CHO/2025.html,CHO,2024-2025
10,Josh Green,SG,6-5,200,"November 16, 2000",au AU,4,Arizona,https://www.basketball-reference.com/teams/CHO/2025.html,CHO,2024-2025
30,Seth Curry,SG,6-1,185,"August 23, 1990",us US,10,"Liberty, Duke",https://www.basketball-reference.com/teams/CHO/2025.html,CHO,2024-2025
14,Moussa Diabaté  (TW),C,6-11,210,"January 21, 2002",fr FR,2,Michigan,https://www.basketball-reference.com/teams/CHO/2025.html,CHO,2024-2025
31,Tidjane Salaün,PF,6-9,207,"August 10, 2005",fr FR,0,,https://www.basketball-reference.com/teams/CHO/2025.html,CHO,2024-2025
24,Brandon Miller,SF,6-9,201,"November 22, 2002",us US,1,Alabama,https://www.basketball-reference.com/teams/CHO/2025.html,CHO,2024-2025
1,LaMelo Ball,PG,6-7,180,"August 22, 2001",us US,4,,https://www.basketball-reference.com/teams/CHO/2025.html,CHO,2024-2025
22,Vasilije Micić,PG,6-5,200,"January 13, 1994",rs RS,1,,https://www.basketball-reference.com/teams/CHO/2025.html,CHO,2024-2025
2,Grant Williams,PF,6-6,236,"November 30, 1998",us US,5,Tennessee,https://www.basketball-reference.com/teams/CHO/2025.html,CHO,2024-2025
0,Miles Bridges,PF,6-7,225,"March 21, 1998",us US,5,Michigan State,https://www.basketball-reference.com/teams/CHO/2025.html,CHO,2024-2025
67,Taj Gibson,C,6-9,232,"June 24, 1985",us US,15,USC,https://www.basketball-reference.com/teams/CHO/2025.html,CHO,2024-2025
23,Tre Mann,PG,6-3,178,"February 3, 2001",us US,3,Florida,https://www.basketball-reference.com/teams/CHO/2025.html,CHO,2024-2025
4,Nick Richards,C,7-0,245,"November 29, 1997",jm JM,4,Kentucky,https://www.basketball-reference.com/teams/CHO/2025.html,CHO,2024-2025
8,Nick Smith Jr.,SG,6-5,185,"April 18, 2004",us US,1,Arkansas,https://www.basketball-reference.com/teams/CHO/2025.html,CHO,2024-2025
25,KJ Simpson  (TW),PG,6-0,189,"August 8, 2002",us US,0,Colorado,https://www.basketball-reference.com/teams/CHO/2025.html,CHO,2024-2025
5,Mark Williams,C,7-0,241,"December 16, 2001",us US,2,Duke,https://www.basketball-reference.com/teams/CHO/2025.html,CHO,2024-2025
21,Isaiah Wong  (TW),SG,6-4,184,"January 28, 2001",us US,1,Miami (FL),https://www.basketball-reference.com/teams/CHO/2025.html,CHO,2024-2025
3,DaQuan Jeffries,SG,6-5,230,"August 30, 1997",us US,5,"Oral Roberts, Tulsa",https://www.basketball-reference.com/teams/CHO/2025.html,CHO,2024-2025
31,Jarrett Allen,C,6-11,243,"April 21, 1998",us US,7,Texas,https://www.basketball-reference.com/teams/CLE/2025.html,CLE,2024-2025
20,Georges Niang,PF,6-7,230,"June 17, 1993",us US,8,Iowa State,https://www.basketball-reference.com/teams/CLE/2025.html,CLE,2024-2025
45,Donovan Mitchell,SG,6-3,215,"September 7, 1996",us US,7,Louisville,https://www.basketball-reference.com/teams/CLE/2025.html,CLE,2024-2025
10,Darius Garland,PG,6-1,192,"January 26, 2000",us US,5,Vanderbilt,https://www.basketball-reference.com/teams/CLE/2025.html,CLE,2024-2025
2,Ty Jerome,SG,6-5,195,"July 8, 1997",us US,5,Virginia,https://www.basketball-reference.com/teams/CLE/2025.html,CLE,2024-2025
4,Evan Mobley,PF,6-11,215,"June 18, 2001",us US,3,USC,https://www.basketball-reference.com/teams/CLE/2025.html,CLE,2024-2025
5,Sam Merrill,SG,6-4,205,"May 15, 1996",us US,4,Utah State University,https://www.basketball-reference.com/teams/CLE/2025.html,CLE,2024-2025
3,Caris LeVert,SF,6-6,205,"August 25, 1994",us US,8,Michigan,https://www.basketball-reference.com/teams/CLE/2025.html,CLE,2024-2025
35,Isaac Okoro,SG,6-5,225,"January 26, 2001",us US,4,Auburn,https://www.basketball-reference.com/teams/CLE/2025.html,CLE,2024-2025
32,Dean Wade,PF,6-9,228,"November 20, 1996",us US,5,Kansas State,https://www.basketball-reference.com/teams/CLE/2025.html,CLE,2024-2025
9,Craig Porter Jr.,PG,6-2,186,"February 26, 2000",us US,1,"Vincennes University, Wichita State",https://www.basketball-reference.com/teams/CLE/2025.html,CLE,2024-2025
24,Jaylon Tyson,SG,6-6,215,"December 2, 2002",us US,0,"Texas, Texas Tech, California",https://www.basketball-reference.com/teams/CLE/2025.html,CLE,2024-2025
13,Tristan Thompson,PF,6-9,254,"March 13, 1991",ca CA,13,Texas,https://www.basketball-reference.com/teams/CLE/2025.html,CLE,2024-2025
33,Luke Travers  (TW),SG,6-8,199,"September 3, 2001",au AU,0,,https://www.basketball-reference.com/teams/CLE/2025.html,CLE,2024-2025
15,JT Thor  (TW),PF,6-10,205,"August 26, 2002",us US,3,Auburn,https://www.basketball-reference.com/teams/CLE/2025.html,CLE,2024-2025
1,Max Strus,SF,6-5,215,"March 28, 1996",us US,5,"Lewis (IL), DePaul",https://www.basketball-reference.com/teams/CLE/2025.html,CLE,2024-2025
NA,Emoni Bates  (TW),SF,6-10,170,"January 28, 2004",us US,1,"Memphis, Eastern Michigan",https://www.basketball-reference.com/teams/CLE/2025.html,CLE,2024-2025
21,Daniel Gafford,C,6-10,234,"October 1, 1998",us US,5,Arkansas,https://www.basketball-reference.com/teams/DAL/2025.html,DAL,2024-2025
5,Quentin Grimes,SG,6-5,205,"May 8, 2000",us US,3,"Kansas, Houston",https://www.basketball-reference.com/teams/DAL/2025.html,DAL,2024-2025
26,Spencer Dinwiddie,PG,6-5,215,"April 6, 1993",us US,10,Colorado,https://www.basketball-reference.com/teams/DAL/2025.html,DAL,2024-2025
11,Kyrie Irving,SG,6-2,195,"March 23, 1992",au AU,13,Duke,https://www.basketball-reference.com/teams/DAL/2025.html,DAL,2024-2025
31,Klay Thompson,SF,6-5,215,"February 8, 1990",us US,11,Washington State,https://www.basketball-reference.com/teams/DAL/2025.html,DAL,2024-2025
13,Naji Marshall,SF,6-7,220,"January 24, 1998",us US,4,Xavier,https://www.basketball-reference.com/teams/DAL/2025.html,DAL,2024-2025
2,Dereck Lively II,C,7-1,230,"February 12, 2004",us US,1,Duke,https://www.basketball-reference.com/teams/DAL/2025.html,DAL,2024-2025
25,P.J. Washington,PF,6-7,230,"August 23, 1998",us US,5,Kentucky,https://www.basketball-reference.com/teams/DAL/2025.html,DAL,2024-2025
1,Jaden Hardy,SG,6-4,198,"July 5, 2002",us US,2,,https://www.basketball-reference.com/teams/DAL/2025.html,DAL,2024-2025
7,Dwight Powell,C,6-10,240,"July 20, 1991",ca CA,10,Stanford,https://www.basketball-reference.com/teams/DAL/2025.html,DAL,2024-2025
77,Luka Dončić,PG,6-6,230,"February 28, 1999",si SI,6,,https://www.basketball-reference.com/teams/DAL/2025.html,DAL,2024-2025
8,Olivier-Maxence Prosper,PF,6-8,230,"July 3, 2002",ca CA,1,"Clemson, Marquette",https://www.basketball-reference.com/teams/DAL/2025.html,DAL,2024-2025
42,Maxi Kleber,PF,6-10,240,"January 29, 1992",de DE,7,,https://www.basketball-reference.com/teams/DAL/2025.html,DAL,2024-2025
0,Jazian Gortman  (TW),PG,6-2,184,"April 14, 2003",us US,0,,https://www.basketball-reference.com/teams/DAL/2025.html,DAL,2024-2025
20,Kessler Edwards  (TW),SF,6-8,215,"August 9, 2000",us US,3,Pepperdine,https://www.basketball-reference.com/teams/DAL/2025.html,DAL,2024-2025
10,Brandon Williams  (TW),PG,6-1,190,"November 22, 1999",us US,2,Arizona,https://www.basketball-reference.com/teams/DAL/2025.html,DAL,2024-2025
88,Markieff Morris,PF,6-9,245,"September 2, 1989",us US,13,Kansas,https://www.basketball-reference.com/teams/DAL/2025.html,DAL,2024-2025
NA,Dante Exum,PG,6-5,214,"July 13, 1995",au AU,7,,https://www.basketball-reference.com/teams/DAL/2025.html,DAL,2024-2025
1,Michael Porter Jr.,SF,6-10,218,"June 29, 1998",us US,5,Missouri,https://www.basketball-reference.com/teams/DEN/2025.html,DEN,2024-2025
4,Russell Westbrook,PG,6-4,200,"November 12, 1988",us US,16,UCLA,https://www.basketball-reference.com/teams/DEN/2025.html,DEN,2024-2025
3,Julian Strawther,SG,6-7,205,"April 18, 2002",us US,1,Gonzaga,https://www.basketball-reference.com/teams/DEN/2025.html,DEN,2024-2025
8,Peyton Watson,SF,6-8,200,"September 11, 2002",us US,2,UCLA,https://www.basketball-reference.com/teams/DEN/2025.html,DEN,2024-2025
0,Christian Braun,SG,6-6,218,"April 17, 2001",us US,2,Kansas,https://www.basketball-reference.com/teams/DEN/2025.html,DEN,2024-2025
15,Nikola Jokić,C,6-11,284,"February 19, 1995",rs RS,9,,https://www.basketball-reference.com/teams/DEN/2025.html,DEN,2024-2025
27,Jamal Murray,PG,6-4,215,"February 23, 1997",ca CA,7,Kentucky,https://www.basketball-reference.com/teams/DEN/2025.html,DEN,2024-2025
5,Hunter Tyson,PF,6-8,215,"June 13, 2000",us US,1,Clemson,https://www.basketball-reference.com/teams/DEN/2025.html,DEN,2024-2025
22,Zeke Nnaji,PF,6-9,240,"January 9, 2001",us US,4,Arizona,https://www.basketball-reference.com/teams/DEN/2025.html,DEN,2024-2025
32,Aaron Gordon,PF,6-8,235,"September 16, 1995",us US,10,Arizona,https://www.basketball-reference.com/teams/DEN/2025.html,DEN,2024-2025
6,DeAndre Jordan,C,6-11,265,"July 21, 1988",us US,16,Texas A&M,https://www.basketball-reference.com/teams/DEN/2025.html,DEN,2024-2025
9,Dario Šarić,C,6-10,225,"April 8, 1994",hr HR,7,,https://www.basketball-reference.com/teams/DEN/2025.html,DEN,2024-2025
23,Trey Alexander  (TW),SG,6-4,185,"May 2, 2003",us US,0,Creighton,https://www.basketball-reference.com/teams/DEN/2025.html,DEN,2024-2025
24,Jalen Pickett,SG,6-4,209,"October 22, 1999",us US,1,"Siena College, Penn State",https://www.basketball-reference.com/teams/DEN/2025.html,DEN,2024-2025
13,PJ Hall  (TW),C,6-8,245,"February 21, 2002",us US,0,Clemson,https://www.basketball-reference.com/teams/DEN/2025.html,DEN,2024-2025
31,Vlatko Čančar,PF,6-8,236,"April 10, 1997",si SI,4,,https://www.basketball-reference.com/teams/DEN/2025.html,DEN,2024-2025
21,Spencer Jones  (TW),SF,6-7,225,"June 14, 2001",us US,0,Stanford,https://www.basketball-reference.com/teams/DEN/2025.html,DEN,2024-2025
NA,DaRon Holmes,PF,6-10,225,"August 15, 2002",us US,0,Dayton,https://www.basketball-reference.com/teams/DEN/2025.html,DEN,2024-2025
5,Malik Beasley,SG,6-4,187,"November 26, 1996",us US,8,Florida State,https://www.basketball-reference.com/teams/DET/2025.html,DET,2024-2025
0,Ron Holland,SF,6-8,206,"July 7, 2005",us US,0,,https://www.basketball-reference.com/teams/DET/2025.html,DET,2024-2025
12,Tobias Harris,PF,6-8,226,"July 15, 1992",us US,13,Tennessee,https://www.basketball-reference.com/teams/DET/2025.html,DET,2024-2025
19,Simone Fontecchio,SF,6-8,209,"December 9, 1995",it IT,2,,https://www.basketball-reference.com/teams/DET/2025.html,DET,2024-2025
28,Isaiah Stewart,C,6-8,250,"May 22, 2001",us US,4,Washington,https://www.basketball-reference.com/teams/DET/2025.html,DET,2024-2025
23,Jaden Ivey,SG,6-4,195,"February 13, 2002",us US,2,Purdue,https://www.basketball-reference.com/teams/DET/2025.html,DET,2024-2025
8,Tim Hardaway Jr.,SG,6-5,205,"March 16, 1992",us US,11,Michigan,https://www.basketball-reference.com/teams/DET/2025.html,DET,2024-2025
0,Jalen Duren,C,6-10,250,"November 18, 2003",us US,2,Memphis,https://www.basketball-reference.com/teams/DET/2025.html,DET,2024-2025
2,Cade Cunningham,PG,6-6,220,"September 25, 2001",us US,3,Oklahoma State,https://www.basketball-reference.com/teams/DET/2025.html,DET,2024-2025
25,Marcus Sasser,PG,6-2,195,"September 21, 2000",us US,1,Houston,https://www.basketball-reference.com/teams/DET/2025.html,DET,2024-2025
7,Paul Reed,C,6-9,210,"June 14, 1999",us US,4,DePaul,https://www.basketball-reference.com/teams/DET/2025.html,DET,2024-2025
14,Wendell Moore Jr.,SG,6-5,213,"September 18, 2001",us US,2,Duke,https://www.basketball-reference.com/teams/DET/2025.html,DET,2024-2025
9,Ausar Thompson,SF,6-7,215,"January 30, 2003",us US,1,,https://www.basketball-reference.com/teams/DET/2025.html,DET,2024-2025
24,Daniss Jenkins  (TW),PG,6-3,165,"August 17, 2001",us US,0,"University of the Pacific, Iona College, St. John's",https://www.basketball-reference.com/teams/DET/2025.html,DET,2024-2025
13,Cole Swider  (TW),SF,6-9,220,"May 8, 1999",us US,2,"Villanova, Syracuse",https://www.basketball-reference.com/teams/DET/2025.html,DET,2024-2025
31,Alondes Williams  (TW),SG,6-4,210,"June 19, 1999",us US,2,"Triton College, Oklahoma, Wake Forest",https://www.basketball-reference.com/teams/DET/2025.html,DET,2024-2025
NA,Bobi Klintman,SF,6-9,225,"March 6, 2003",se SE,0,Wake Forest,https://www.basketball-reference.com/teams/DET/2025.html,DET,2024-2025
7,Buddy Hield,SG,6-4,220,"December 17, 1992",bs BS,8,Oklahoma,https://www.basketball-reference.com/teams/GSW/2025.html,GSW,2024-2025
0,Gary Payton II,SG,6-2,190,"December 1, 1992",us US,8,Oregon State,https://www.basketball-reference.com/teams/GSW/2025.html,GSW,2024-2025
2,Brandin Podziemski,SG,6-5,205,"February 25, 2003",us US,1,"Illinois, Santa Clara",https://www.basketball-reference.com/teams/GSW/2025.html,GSW,2024-2025
32,Trayce Jackson-Davis,C,6-9,245,"February 22, 2000",us US,1,Indiana,https://www.basketball-reference.com/teams/GSW/2025.html,GSW,2024-2025
0,Jonathan Kuminga,PF,6-8,210,"October 6, 2002",cd CD,3,,https://www.basketball-reference.com/teams/GSW/2025.html,GSW,2024-2025
5,Kevon Looney,C,6-9,222,"February 6, 1996",us US,9,UCLA,https://www.basketball-reference.com/teams/GSW/2025.html,GSW,2024-2025
1,Kyle Anderson,PF,6-9,230,"September 20, 1993",us US,10,UCLA,https://www.basketball-reference.com/teams/GSW/2025.html,GSW,2024-2025
23,Draymond Green,PF,6-6,230,"March 4, 1990",us US,12,Michigan State,https://www.basketball-reference.com/teams/GSW/2025.html,GSW,2024-2025
22,Andrew Wiggins,SF,6-7,197,"February 23, 1995",ca CA,10,Kansas,https://www.basketball-reference.com/teams/GSW/2025.html,GSW,2024-2025
4,Moses Moody,SG,6-5,205,"May 31, 2002",us US,3,Arkansas,https://www.basketball-reference.com/teams/GSW/2025.html,GSW,2024-2025
30,Stephen Curry,PG,6-2,185,"March 14, 1988",us US,15,Davidson,https://www.basketball-reference.com/teams/GSW/2025.html,GSW,2024-2025
43,Lindy Waters III,SG,6-6,215,"July 28, 1997",us US,3,Oklahoma State,https://www.basketball-reference.com/teams/GSW/2025.html,GSW,2024-2025
61,Pat Spencer  (TW),PG,6-3,205,"July 4, 1996",us US,1,"Loyola (MD), Northwestern",https://www.basketball-reference.com/teams/GSW/2025.html,GSW,2024-2025
15,Gui Santos,PF,6-8,209,"June 22, 2002",br BR,1,,https://www.basketball-reference.com/teams/GSW/2025.html,GSW,2024-2025
71,Dennis Schröder,PG,6-1,172,"September 15, 1993",de DE,11,,https://www.basketball-reference.com/teams/GSW/2025.html,GSW,2024-2025
3,Reece Beekman  (TW),PG,6-1,190,"October 8, 2001",us US,0,Virginia,https://www.basketball-reference.com/teams/GSW/2025.html,GSW,2024-2025
NA,Quinten Post  (TW),PF,7-0,238,"March 21, 2000",nl NL,0,"Mississippi State, Boston College",https://www.basketball-reference.com/teams/GSW/2025.html,GSW,2024-2025
4,Jalen Green,SG,6-4,178,"February 9, 2002",us US,3,,https://www.basketball-reference.com/teams/HOU/2025.html,HOU,2024-2025
28,Alperen Sengun,C,6-11,235,"July 25, 2002",tr TR,3,,https://www.basketball-reference.com/teams/HOU/2025.html,HOU,2024-2025
9,Dillon Brooks,SF,6-6,225,"January 22, 1996",ca CA,7,Oregon,https://www.basketball-reference.com/teams/HOU/2025.html,HOU,2024-2025
10,Jabari Smith Jr.,PF,6-11,220,"May 13, 2003",us US,2,Auburn,https://www.basketball-reference.com/teams/HOU/2025.html,HOU,2024-2025
1,Amen Thompson,SF,6-7,209,"January 30, 2003",us US,1,,https://www.basketball-reference.com/teams/HOU/2025.html,HOU,2024-2025
5,Fred VanVleet,PG,6-0,197,"February 25, 1994",us US,8,Wichita State,https://www.basketball-reference.com/teams/HOU/2025.html,HOU,2024-2025
15,Reed Sheppard,PG,6-2,185,"June 24, 2004",us US,0,Kentucky,https://www.basketball-reference.com/teams/HOU/2025.html,HOU,2024-2025
17,Tari Eason,PF,6-8,216,"May 10, 2001",us US,2,"Cincinnati, LSU",https://www.basketball-reference.com/teams/HOU/2025.html,HOU,2024-2025
0,Aaron Holiday,PG,6-0,185,"September 30, 1996",us US,6,UCLA,https://www.basketball-reference.com/teams/HOU/2025.html,HOU,2024-2025
2,Jock Landale,C,6-11,256,"October 25, 1995",au AU,3,Saint Mary's,https://www.basketball-reference.com/teams/HOU/2025.html,HOU,2024-2025
12,Steven Adams,C,6-11,265,"July 20, 1993",nz NZ,10,Pitt,https://www.basketball-reference.com/teams/HOU/2025.html,HOU,2024-2025
8,Jae'Sean Tate,SF,6-4,230,"October 28, 1995",us US,4,Ohio State,https://www.basketball-reference.com/teams/HOU/2025.html,HOU,2024-2025
7,Cam Whitmore,SF,6-7,232,"July 8, 2004",us US,1,Villanova,https://www.basketball-reference.com/teams/HOU/2025.html,HOU,2024-2025
32,Jeff Green,PF,6-8,235,"August 28, 1986",us US,16,Georgetown,https://www.basketball-reference.com/teams/HOU/2025.html,HOU,2024-2025
58,Jack McVeigh  (TW),PF,6-8,215,"June 27, 1996",au AU,0,Nebraska,https://www.basketball-reference.com/teams/HOU/2025.html,HOU,2024-2025
19,Jeenathan Williams  (TW),SG,6-5,205,"February 12, 1999",us US,2,Buffalo,https://www.basketball-reference.com/teams/HOU/2025.html,HOU,2024-2025
NA,N'Faly Dante  (TW),C,6-11,230,"October 19, 2001",ml ML,0,Oregon,https://www.basketball-reference.com/teams/HOU/2025.html,HOU,2024-2025
43,Pascal Siakam,PF,6-8,230,"April 2, 1994",cm CM,8,New Mexico State,https://www.basketball-reference.com/teams/IND/2025.html,IND,2024-2025
0,Tyrese Haliburton,PG,6-5,185,"February 29, 2000",us US,4,Iowa State,https://www.basketball-reference.com/teams/IND/2025.html,IND,2024-2025
0,Bennedict Mathurin,SG,6-6,210,"June 19, 2002",ca CA,2,Arizona,https://www.basketball-reference.com/teams/IND/2025.html,IND,2024-2025
5,Jarace Walker,PF,6-8,240,"September 4, 2003",us US,1,Houston,https://www.basketball-reference.com/teams/IND/2025.html,IND,2024-2025
9,T.J. McConnell,PG,6-1,190,"March 25, 1992",us US,9,"Duquesne, Arizona",https://www.basketball-reference.com/teams/IND/2025.html,IND,2024-2025
1,Obi Toppin,PF,6-9,220,"March 4, 1998",us US,4,Dayton,https://www.basketball-reference.com/teams/IND/2025.html,IND,2024-2025
33,Myles Turner,C,6-11,250,"March 24, 1996",us US,9,Texas,https://www.basketball-reference.com/teams/IND/2025.html,IND,2024-2025
12,Johnny Furphy,SG,6-8,200,"December 8, 2004",au AU,0,Kansas,https://www.basketball-reference.com/teams/IND/2025.html,IND,2024-2025
8,Enrique Freeman  (TW),PF,6-7,206,"July 29, 2000",us US,0,University of Akron,https://www.basketball-reference.com/teams/IND/2025.html,IND,2024-2025
2,Andrew Nembhard,SG,6-5,193,"January 16, 2000",ca CA,2,"Florida, Gonzaga",https://www.basketball-reference.com/teams/IND/2025.html,IND,2024-2025
29,Quenton Jackson  (TW),PG,6-5,175,"September 15, 1998",us US,2,Texas A&M,https://www.basketball-reference.com/teams/IND/2025.html,IND,2024-2025
26,Ben Sheppard,SG,6-6,190,"July 16, 2001",us US,1,Belmont,https://www.basketball-reference.com/teams/IND/2025.html,IND,2024-2025
23,Aaron Nesmith,SF,6-5,215,"October 16, 1999",us US,4,Vanderbilt,https://www.basketball-reference.com/teams/IND/2025.html,IND,2024-2025
22,Isaiah Jackson,C,6-10,206,"January 10, 2002",us US,3,Kentucky,https://www.basketball-reference.com/teams/IND/2025.html,IND,2024-2025
4,Tristen Newton  (TW),SG,6-5,190,"April 26, 2001",us US,0,"East Carolina University, UConn",https://www.basketball-reference.com/teams/IND/2025.html,IND,2024-2025
16,James Johnson,PF,6-7,240,"February 20, 1987",us US,15,Wake Forest,https://www.basketball-reference.com/teams/IND/2025.html,IND,2024-2025
3,Thomas Bryant,C,6-10,248,"July 31, 1997",us US,7,Indiana,https://www.basketball-reference.com/teams/IND/2025.html,IND,2024-2025
13,James Wiseman,C,7-0,240,"March 31, 2001",us US,3,Memphis,https://www.basketball-reference.com/teams/IND/2025.html,IND,2024-2025
40,Ivica Zubac,C,7-0,240,"March 18, 1997",ba BA,8,,https://www.basketball-reference.com/teams/LAC/2025.html,LAC,2024-2025
8,Kris Dunn,PG,6-3,205,"March 18, 1994",us US,8,Providence,https://www.basketball-reference.com/teams/LAC/2025.html,LAC,2024-2025
33,Nicolas Batum,PF,6-8,230,"December 14, 1988",fr FR,16,,https://www.basketball-reference.com/teams/LAC/2025.html,LAC,2024-2025
1,James Harden,PG,6-5,220,"August 26, 1989",us US,15,Arizona State,https://www.basketball-reference.com/teams/LAC/2025.html,LAC,2024-2025
7,Amir Coffey,SG,6-7,210,"June 17, 1997",us US,5,Minnesota,https://www.basketball-reference.com/teams/LAC/2025.html,LAC,2024-2025
55,Derrick Jones Jr.,SF,6-5,210,"February 15, 1997",us US,8,UNLV,https://www.basketball-reference.com/teams/LAC/2025.html,LAC,2024-2025
77,Kevin Porter Jr.,SG,6-4,203,"May 4, 2000",us US,4,USC,https://www.basketball-reference.com/teams/LAC/2025.html,LAC,2024-2025
14,Terance Mann,SG,6-5,215,"October 18, 1996",us US,5,Florida State,https://www.basketball-reference.com/teams/LAC/2025.html,LAC,2024-2025
24,Norman Powell,SG,6-3,215,"May 25, 1993",us US,9,UCLA,https://www.basketball-reference.com/teams/LAC/2025.html,LAC,2024-2025
23,Kai Jones  (TW),C,6-11,218,"January 19, 2001",bs BS,2,Texas,https://www.basketball-reference.com/teams/LAC/2025.html,LAC,2024-2025
4,Mo Bamba,C,7-0,231,"May 12, 1998",us US,6,Texas,https://www.basketball-reference.com/teams/LAC/2025.html,LAC,2024-2025
5,Bones Hyland,PG,6-2,173,"September 14, 2000",us US,3,VCU,https://www.basketball-reference.com/teams/LAC/2025.html,LAC,2024-2025
21,Kobe Brown,PF,6-7,250,"January 1, 2000",us US,1,Missouri,https://www.basketball-reference.com/teams/LAC/2025.html,LAC,2024-2025
9,Trentyn Flowers  (TW),SF,6-7,185,"March 8, 2005",us US,0,,https://www.basketball-reference.com/teams/LAC/2025.html,LAC,2024-2025
12,Cam Christie,SG,6-5,190,"July 24, 2005",us US,0,Minnesota,https://www.basketball-reference.com/teams/LAC/2025.html,LAC,2024-2025
NA,Kawhi Leonard,SF,6-7,225,"June 29, 1991",us US,12,San Diego State,https://www.basketball-reference.com/teams/LAC/2025.html,LAC,2024-2025
NA,P.J. Tucker,SF,6-5,245,"May 5, 1985",us US,13,Texas,https://www.basketball-reference.com/teams/LAC/2025.html,LAC,2024-2025
4,Dalton Knecht,SF,6-6,215,"April 19, 2001",us US,0,"Northeastern Junior College, University of Northern Colorado, Tennessee",https://www.basketball-reference.com/teams/LAL/2025.html,LAL,2024-2025
7,Gabe Vincent,PG,6-3,195,"June 14, 1996",us US,5,UC Santa Barbara,https://www.basketball-reference.com/teams/LAL/2025.html,LAL,2024-2025
3,Anthony Davis,C,6-10,253,"March 11, 1993",us US,12,Kentucky,https://www.basketball-reference.com/teams/LAL/2025.html,LAL,2024-2025
1,D'Angelo Russell,PG,6-3,193,"February 23, 1996",us US,9,Ohio State,https://www.basketball-reference.com/teams/LAL/2025.html,LAL,2024-2025
12,Max Christie,SG,6-6,190,"February 10, 2003",us US,2,Michigan State,https://www.basketball-reference.com/teams/LAL/2025.html,LAL,2024-2025
23,LeBron James,SF,6-9,250,"December 30, 1984",us US,21,,https://www.basketball-reference.com/teams/LAL/2025.html,LAL,2024-2025
15,Austin Reaves,SG,6-5,206,"May 29, 1998",us US,3,"Wichita State, Oklahoma",https://www.basketball-reference.com/teams/LAL/2025.html,LAL,2024-2025
28,Rui Hachimura,PF,6-8,230,"February 8, 1998",jp JP,5,Gonzaga,https://www.basketball-reference.com/teams/LAL/2025.html,LAL,2024-2025
5,Cam Reddish,SF,6-8,218,"September 1, 1999",us US,5,Duke,https://www.basketball-reference.com/teams/LAL/2025.html,LAL,2024-2025
10,Christian Koloko  (TW),C,7-1,230,"June 20, 2000",cm CM,1,Arizona,https://www.basketball-reference.com/teams/LAL/2025.html,LAL,2024-2025
11,Jaxson Hayes,C,7-0,220,"May 23, 2000",us US,5,Texas,https://www.basketball-reference.com/teams/LAL/2025.html,LAL,2024-2025
94,Armel Traoré  (TW),SF,6-8,215,"January 23, 2003",fr FR,0,,https://www.basketball-reference.com/teams/LAL/2025.html,LAL,2024-2025
9,Bronny James,SG,6-2,210,"October 6, 2004",us US,0,USC,https://www.basketball-reference.com/teams/LAL/2025.html,LAL,2024-2025
20,Maxwell Lewis,SF,6-7,195,"July 27, 2002",us US,1,Pepperdine,https://www.basketball-reference.com/teams/LAL/2025.html,LAL,2024-2025
0,Jalen Hood-Schifino,SG,6-6,215,"June 19, 2003",us US,1,Indiana,https://www.basketball-reference.com/teams/LAL/2025.html,LAL,2024-2025
41,Quincy Olivari  (TW),PG,6-3,198,"May 27, 2001",us US,0,"Rice University, Xavier",https://www.basketball-reference.com/teams/LAL/2025.html,LAL,2024-2025
NA,Jarred Vanderbilt,PF,6-8,214,"April 3, 1999",us US,6,Kentucky,https://www.basketball-reference.com/teams/LAL/2025.html,LAL,2024-2025
NA,Christian Wood,C,6-8,214,"September 27, 1995",us US,8,UNLV,https://www.basketball-reference.com/teams/LAL/2025.html,LAL,2024-2025
7,Santi Aldama,PF,6-11,224,"January 10, 2001",es ES,3,Loyola (MD),https://www.basketball-reference.com/teams/MEM/2025.html,MEM,2024-2025
0,Jaylen Wells,SG,6-7,206,"August 26, 2003",us US,0,"Sonoma State University, Washington State",https://www.basketball-reference.com/teams/MEM/2025.html,MEM,2024-2025
1,Scotty Pippen Jr.,PG,6-1,185,"November 10, 2000",us US,2,Vanderbilt,https://www.basketball-reference.com/teams/MEM/2025.html,MEM,2024-2025
3,Jake LaRavia,PF,6-8,235,"November 3, 2001",us US,2,"Indiana State University, Wake Forest",https://www.basketball-reference.com/teams/MEM/2025.html,MEM,2024-2025
15,Brandon Clarke,PF,6-8,215,"September 19, 1996",ca CA,5,"San Jose State, Gonzaga",https://www.basketball-reference.com/teams/MEM/2025.html,MEM,2024-2025
13,Jaren Jackson Jr.,C,6-10,242,"September 15, 1999",us US,6,Michigan State,https://www.basketball-reference.com/teams/MEM/2025.html,MEM,2024-2025
30,Jay Huff,C,7-1,240,"August 25, 1998",us US,3,Virginia,https://www.basketball-reference.com/teams/MEM/2025.html,MEM,2024-2025
22,Desmond Bane,SG,6-5,215,"June 25, 1998",us US,4,TCU,https://www.basketball-reference.com/teams/MEM/2025.html,MEM,2024-2025
36,Marcus Smart,PG,6-3,220,"March 6, 1994",us US,10,Oklahoma State,https://www.basketball-reference.com/teams/MEM/2025.html,MEM,2024-2025
12,Ja Morant,PG,6-2,174,"August 10, 1999",us US,5,Murray State,https://www.basketball-reference.com/teams/MEM/2025.html,MEM,2024-2025
14,Zach Edey,C,7-4,305,"May 14, 2002",ca CA,0,Purdue,https://www.basketball-reference.com/teams/MEM/2025.html,MEM,2024-2025
10,Luke Kennard,SG,6-5,206,"June 24, 1996",us US,7,Duke,https://www.basketball-reference.com/teams/MEM/2025.html,MEM,2024-2025
46,John Konchar,SG,6-5,210,"March 22, 1996",us US,5,Purdue-Fort Wayne,https://www.basketball-reference.com/teams/MEM/2025.html,MEM,2024-2025
17,Yuki Kawamura  (TW),PG,5-8,159,"May 2, 2001",jp JP,0,,https://www.basketball-reference.com/teams/MEM/2025.html,MEM,2024-2025
8,Colin Castleton  (TW),C,6-11,250,"May 25, 2000",us US,1,"Michigan, Florida",https://www.basketball-reference.com/teams/MEM/2025.html,MEM,2024-2025
24,Cam Spencer  (TW),SG,6-3,205,"April 6, 2000",us US,0,"Loyola (MD), Rutgers University, UConn",https://www.basketball-reference.com/teams/MEM/2025.html,MEM,2024-2025
5,Vince Williams Jr.,SG,6-4,205,"August 30, 2000",us US,2,VCU,https://www.basketball-reference.com/teams/MEM/2025.html,MEM,2024-2025
NA,GG Jackson II,PF,6-9,215,"December 17, 2004",us US,1,South Carolina,https://www.basketball-reference.com/teams/MEM/2025.html,MEM,2024-2025
14,Tyler Herro,SG,6-5,195,"January 20, 2000",us US,5,Kentucky,https://www.basketball-reference.com/teams/MIA/2025.html,MIA,2024-2025
13,Bam Adebayo,C,6-9,255,"July 18, 1997",us US,7,Kentucky,https://www.basketball-reference.com/teams/MIA/2025.html,MIA,2024-2025
55,Duncan Robinson,SF,6-7,215,"April 22, 1994",us US,6,"Williams, Michigan",https://www.basketball-reference.com/teams/MIA/2025.html,MIA,2024-2025
2,Terry Rozier,PG,6-1,190,"March 17, 1994",us US,9,Louisville,https://www.basketball-reference.com/teams/MIA/2025.html,MIA,2024-2025
24,Haywood Highsmith,SF,6-7,220,"December 9, 1996",us US,4,Wheeling University,https://www.basketball-reference.com/teams/MIA/2025.html,MIA,2024-2025
11,Jaime Jaquez Jr.,SF,6-6,225,"February 18, 2001",us US,1,UCLA,https://www.basketball-reference.com/teams/MIA/2025.html,MIA,2024-2025
22,Jimmy Butler,PF,6-7,230,"September 14, 1989",us US,13,"Tyler Junior College, Marquette",https://www.basketball-reference.com/teams/MIA/2025.html,MIA,2024-2025
5,Nikola Jović,PF,6-10,209,"June 9, 2003",gb GB,2,,https://www.basketball-reference.com/teams/MIA/2025.html,MIA,2024-2025
9,Pelle Larsson,SG,6-5,215,"February 23, 2001",se SE,0,"Utah, Arizona",https://www.basketball-reference.com/teams/MIA/2025.html,MIA,2024-2025
42,Kevin Love,PF,6-8,251,"September 7, 1988",us US,16,UCLA,https://www.basketball-reference.com/teams/MIA/2025.html,MIA,2024-2025
12,Dru Smith  (TW),SG,6-3,203,"December 30, 1997",us US,2,"University of Evansville, Missouri",https://www.basketball-reference.com/teams/MIA/2025.html,MIA,2024-2025
18,Alec Burks,SG,6-6,214,"July 20, 1991",us US,13,Colorado,https://www.basketball-reference.com/teams/MIA/2025.html,MIA,2024-2025
7,Kel'el Ware,C,7-0,230,"April 20, 2004",us US,0,"Oregon, Indiana",https://www.basketball-reference.com/teams/MIA/2025.html,MIA,2024-2025
0,Josh Richardson,SG,6-5,200,"September 15, 1993",us US,9,Tennessee,https://www.basketball-reference.com/teams/MIA/2025.html,MIA,2024-2025
16,Keshad Johnson  (TW),SF,6-6,225,"June 23, 2001",us US,0,"San Diego State, Arizona",https://www.basketball-reference.com/teams/MIA/2025.html,MIA,2024-2025
NA,Josh Christopher  (TW),SG,6-5,215,"December 8, 2001",us US,2,Arizona State,https://www.basketball-reference.com/teams/MIA/2025.html,MIA,2024-2025
11,Brook Lopez,C,7-1,282,"April 1, 1988",us US,16,Stanford,https://www.basketball-reference.com/teams/MIL/2025.html,MIL,2024-2025
12,Taurean Prince,SF,6-6,218,"March 22, 1994",us US,8,Baylor,https://www.basketball-reference.com/teams/MIL/2025.html,MIL,2024-2025
9,Bobby Portis,PF,6-10,250,"February 10, 1995",us US,9,Arkansas,https://www.basketball-reference.com/teams/MIL/2025.html,MIL,2024-2025
20,A.J. Green,SG,6-4,200,"September 27, 1999",us US,2,University of Northern Iowa,https://www.basketball-reference.com/teams/MIL/2025.html,MIL,2024-2025
44,Andre Jackson Jr.,SG,6-6,210,"November 13, 2001",us US,1,UConn,https://www.basketball-reference.com/teams/MIL/2025.html,MIL,2024-2025
5,Gary Trent Jr.,SG,6-5,209,"January 18, 1999",us US,6,Duke,https://www.basketball-reference.com/teams/MIL/2025.html,MIL,2024-2025
34,Giannis Antetokounmpo,PF,6-11,242,"December 6, 1994",gr GR,11,,https://www.basketball-reference.com/teams/MIL/2025.html,MIL,2024-2025
0,Damian Lillard,PG,6-2,195,"July 15, 1990",us US,12,Weber State,https://www.basketball-reference.com/teams/MIL/2025.html,MIL,2024-2025
55,Delon Wright,PG,6-5,185,"April 26, 1992",us US,9,Utah,https://www.basketball-reference.com/teams/MIL/2025.html,MIL,2024-2025
24,Pat Connaughton,SG,6-5,209,"January 6, 1993",us US,9,Notre Dame,https://www.basketball-reference.com/teams/MIL/2025.html,MIL,2024-2025
3,MarJon Beauchamp,SF,6-6,199,"October 12, 2000",us US,2,Yakima Valley Community College,https://www.basketball-reference.com/teams/MIL/2025.html,MIL,2024-2025
21,Tyler Smith,PF,6-11,224,"November 2, 2004",us US,0,,https://www.basketball-reference.com/teams/MIL/2025.html,MIL,2024-2025
17,Stanley Umude  (TW),SG,6-6,210,"April 12, 1999",us US,2,"South Dakota, Arkansas",https://www.basketball-reference.com/teams/MIL/2025.html,MIL,2024-2025
22,Khris Middleton,SF,6-7,222,"August 12, 1991",us US,12,Texas A&M,https://www.basketball-reference.com/teams/MIL/2025.html,MIL,2024-2025
15,Liam Robbins  (TW),C,7-0,250,"July 12, 1999",us US,0,"Drake University, Minnesota, Vanderbilt",https://www.basketball-reference.com/teams/MIL/2025.html,MIL,2024-2025
77,AJ Johnson,SG,6-4,160,"December 1, 2004",us US,0,,https://www.basketball-reference.com/teams/MIL/2025.html,MIL,2024-2025
7,Chris Livingston,SF,6-6,220,"October 15, 2003",us US,1,Kentucky,https://www.basketball-reference.com/teams/MIL/2025.html,MIL,2024-2025
5,Anthony Edwards,SG,6-4,225,"August 5, 2001",us US,4,Georgia,https://www.basketball-reference.com/teams/MIN/2025.html,MIN,2024-2025
30,Julius Randle,PF,6-9,250,"November 29, 1994",us US,10,Kentucky,https://www.basketball-reference.com/teams/MIN/2025.html,MIN,2024-2025
11,Naz Reid,C,6-9,264,"August 26, 1999",us US,5,LSU,https://www.basketball-reference.com/teams/MIN/2025.html,MIN,2024-2025
27,Rudy Gobert,C,7-1,258,"June 26, 1992",fr FR,11,,https://www.basketball-reference.com/teams/MIN/2025.html,MIN,2024-2025
3,Jaden McDaniels,PF,6-9,185,"September 29, 2000",us US,4,Washington,https://www.basketball-reference.com/teams/MIN/2025.html,MIN,2024-2025
9,Nickeil Alexander-Walker,SG,6-5,205,"September 2, 1998",ca CA,5,Virginia Tech,https://www.basketball-reference.com/teams/MIN/2025.html,MIN,2024-2025
0,Donte DiVincenzo,SG,6-4,203,"January 31, 1997",us US,6,Villanova,https://www.basketball-reference.com/teams/MIN/2025.html,MIN,2024-2025
10,Mike Conley,PG,6-0,175,"October 11, 1987",us US,17,Ohio State,https://www.basketball-reference.com/teams/MIN/2025.html,MIN,2024-2025
4,Rob Dillingham,PG,6-1,176,"January 4, 2005",us US,0,Kentucky,https://www.basketball-reference.com/teams/MIN/2025.html,MIN,2024-2025
8,Josh Minott,SF,6-8,205,"November 25, 2002",us US,2,Memphis,https://www.basketball-reference.com/teams/MIN/2025.html,MIN,2024-2025
55,Luka Garza,C,6-10,235,"December 27, 1998",us US,3,Iowa,https://www.basketball-reference.com/teams/MIN/2025.html,MIN,2024-2025
0,Terrence Shannon Jr.,SG,6-6,215,"July 30, 2000",us US,0,"Texas Tech, Illinois",https://www.basketball-reference.com/teams/MIN/2025.html,MIN,2024-2025
35,PJ Dozier,SG,6-6,205,"October 25, 1996",us US,6,South Carolina,https://www.basketball-reference.com/teams/MIN/2025.html,MIN,2024-2025
7,Joe Ingles,SF,6-8,220,"October 2, 1987",au AU,10,,https://www.basketball-reference.com/teams/MIN/2025.html,MIN,2024-2025
1,Daishen Nix  (TW),PG,6-5,224,"February 13, 2002",us US,3,,https://www.basketball-reference.com/teams/MIN/2025.html,MIN,2024-2025
NA,Leonard Miller,SF,6-10,210,"November 26, 2003",ca CA,1,,https://www.basketball-reference.com/teams/MIN/2025.html,MIN,2024-2025
NA,Jesse Edwards  (TW),C,6-11,230,"March 18, 2000",nl NL,0,"West Virginia, Syracuse",https://www.basketball-reference.com/teams/MIN/2025.html,MIN,2024-2025
21,Yves Missi,C,6-11,235,"May 14, 2004",be BE,0,Baylor,https://www.basketball-reference.com/teams/NOP/2025.html,NOP,2024-2025
4,Javonte Green,SG,6-4,205,"July 23, 1993",us US,5,Radford,https://www.basketball-reference.com/teams/NOP/2025.html,NOP,2024-2025
11,Brandon Boston Jr.  (TW),SG,6-7,185,"November 28, 2001",us US,3,Kentucky,https://www.basketball-reference.com/teams/NOP/2025.html,NOP,2024-2025
50,Jeremiah Robinson-Earl,PF,6-9,230,"November 3, 2000",us US,3,Villanova,https://www.basketball-reference.com/teams/NOP/2025.html,NOP,2024-2025
10,Daniel Theis,C,6-8,245,"April 4, 1992",de DE,7,,https://www.basketball-reference.com/teams/NOP/2025.html,NOP,2024-2025
14,Brandon Ingram,SF,6-8,190,"September 2, 1997",us US,8,Duke,https://www.basketball-reference.com/teams/NOP/2025.html,NOP,2024-2025
3,CJ McCollum,PG,6-3,190,"September 19, 1991",us US,11,Lehigh,https://www.basketball-reference.com/teams/NOP/2025.html,NOP,2024-2025
25,Trey Murphy III,SF,6-8,206,"June 18, 2000",us US,3,"Rice University, Virginia",https://www.basketball-reference.com/teams/NOP/2025.html,NOP,2024-2025
8,Jamal Cain  (TW),SF,6-7,191,"March 20, 1999",us US,2,"Marquette, Oakland",https://www.basketball-reference.com/teams/NOP/2025.html,NOP,2024-2025
55,Trey Jemison  (TW),C,6-11,260,"November 28, 1999",us US,1,"Clemson, UAB",https://www.basketball-reference.com/teams/NOP/2025.html,NOP,2024-2025
12,Antonio Reeves,SG,6-5,205,"November 20, 2000",us US,0,"Illinois State, Kentucky",https://www.basketball-reference.com/teams/NOP/2025.html,NOP,2024-2025
24,Jordan Hawkins,SG,6-5,195,"April 29, 2002",us US,1,UConn,https://www.basketball-reference.com/teams/NOP/2025.html,NOP,2024-2025
5,Dejounte Murray,PG,6-5,180,"September 19, 1996",us US,7,Washington,https://www.basketball-reference.com/teams/NOP/2025.html,NOP,2024-2025
2,Herbert Jones,SF,6-8,210,"October 6, 1998",us US,3,Alabama,https://www.basketball-reference.com/teams/NOP/2025.html,NOP,2024-2025
15,Jose Alvarado,PG,6-0,179,"April 12, 1998",us US,3,Georgia Tech,https://www.basketball-reference.com/teams/NOP/2025.html,NOP,2024-2025
1,Zion Williamson,PF,6-6,284,"July 6, 2000",us US,4,Duke,https://www.basketball-reference.com/teams/NOP/2025.html,NOP,2024-2025
17,Karlo Matković,PF,6-11,231,"March 30, 2001",ba BA,0,,https://www.basketball-reference.com/teams/NOP/2025.html,NOP,2024-2025
11,Jalen Brunson,PG,6-2,190,"August 31, 1996",us US,6,Villanova,https://www.basketball-reference.com/teams/NYK/2025.html,NYK,2024-2025
25,Mikal Bridges,SF,6-6,209,"August 30, 1996",us US,6,Villanova,https://www.basketball-reference.com/teams/NYK/2025.html,NYK,2024-2025
8,OG Anunoby,PF,6-7,232,"July 17, 1997",gb GB,7,Indiana,https://www.basketball-reference.com/teams/NYK/2025.html,NYK,2024-2025
3,Josh Hart,SG,6-4,215,"March 6, 1995",us US,7,Villanova,https://www.basketball-reference.com/teams/NYK/2025.html,NYK,2024-2025
32,Karl-Anthony Towns,C,7-0,248,"November 15, 1995",us US,9,Kentucky,https://www.basketball-reference.com/teams/NYK/2025.html,NYK,2024-2025
20,Jericho Sims,C,6-10,245,"October 20, 1998",us US,3,Texas,https://www.basketball-reference.com/teams/NYK/2025.html,NYK,2024-2025
2,Miles McBride,PG,6-2,200,"September 8, 2000",us US,3,West Virginia,https://www.basketball-reference.com/teams/NYK/2025.html,NYK,2024-2025
1,Cameron Payne,PG,6-3,183,"August 8, 1994",us US,9,Murray State,https://www.basketball-reference.com/teams/NYK/2025.html,NYK,2024-2025
13,Tyler Kolek,PG,6-1,195,"March 27, 2001",us US,0,"George Mason, Marquette",https://www.basketball-reference.com/teams/NYK/2025.html,NYK,2024-2025
55,Ariel Hukporti,C,7-0,246,"April 11, 2002",de DE,0,,https://www.basketball-reference.com/teams/NYK/2025.html,NYK,2024-2025
4,Pacome Dadiet,SG,6-7,210,"July 27, 2005",fr FR,0,,https://www.basketball-reference.com/teams/NYK/2025.html,NYK,2024-2025
37,Matt Ryan,SF,6-6,215,"April 17, 1997",us US,3,"Notre Dame, Vanderbilt, Chattanooga",https://www.basketball-reference.com/teams/NYK/2025.html,NYK,2024-2025
5,Precious Achiuwa,PF,6-8,225,"September 19, 1999",ng NG,4,Memphis,https://www.basketball-reference.com/teams/NYK/2025.html,NYK,2024-2025
0,Jacob Toppin  (TW),SF,6-9,205,"May 8, 2000",us US,1,"Rhode Island, Kentucky",https://www.basketball-reference.com/teams/NYK/2025.html,NYK,2024-2025
NA,Kevin McCullar Jr.  (TW),SF,6-6,210,"March 15, 2001",us US,0,"Texas Tech, Kansas",https://www.basketball-reference.com/teams/NYK/2025.html,NYK,2024-2025
NA,Boo Buie  (TW),G,6-2,180,"December 7, 1999",us US,0,Northwestern,https://www.basketball-reference.com/teams/NYK/2025.html,NYK,2024-2025
NA,Mitchell Robinson,C,7-0,240,"April 1, 1998",us US,6,Western Kentucky,https://www.basketball-reference.com/teams/NYK/2025.html,NYK,2024-2025
2,Shai Gilgeous-Alexander,PG,6-6,200,"July 12, 1998",ca CA,6,Kentucky,https://www.basketball-reference.com/teams/OKC/2025.html,OKC,2024-2025
8,Jalen Williams,SG,6-6,220,"April 14, 2001",us US,2,Santa Clara,https://www.basketball-reference.com/teams/OKC/2025.html,OKC,2024-2025
5,Luguentz Dort,SF,6-4,220,"April 19, 1999",ca CA,5,Arizona State,https://www.basketball-reference.com/teams/OKC/2025.html,OKC,2024-2025
21,Aaron Wiggins,SG,6-6,200,"January 2, 1999",us US,3,Maryland,https://www.basketball-reference.com/teams/OKC/2025.html,OKC,2024-2025
22,Cason Wallace,SG,6-4,205,"November 7, 2003",us US,1,Kentucky,https://www.basketball-reference.com/teams/OKC/2025.html,OKC,2024-2025
25,Ajay Mitchell  (TW),SG,6-5,200,"June 25, 2002",be BE,0,UC Santa Barbara,https://www.basketball-reference.com/teams/OKC/2025.html,OKC,2024-2025
11,Isaiah Joe,SG,6-5,181,"July 2, 1999",us US,4,Arkansas,https://www.basketball-reference.com/teams/OKC/2025.html,OKC,2024-2025
3,Dillon Jones,SF,6-5,240,"October 29, 2001",us US,0,Weber State,https://www.basketball-reference.com/teams/OKC/2025.html,OKC,2024-2025
9,Alex Caruso,SG,6-5,186,"February 28, 1994",us US,7,Texas A&M,https://www.basketball-reference.com/teams/OKC/2025.html,OKC,2024-2025
34,Kenrich Williams,PF,6-7,210,"December 2, 1994",us US,6,TCU,https://www.basketball-reference.com/teams/OKC/2025.html,OKC,2024-2025
13,Ousmane Dieng,PF,6-10,222,"May 21, 2003",fr FR,2,,https://www.basketball-reference.com/teams/OKC/2025.html,OKC,2024-2025
55,Isaiah Hartenstein,C,7-0,255,"May 5, 1998",us US,6,,https://www.basketball-reference.com/teams/OKC/2025.html,OKC,2024-2025
7,Chet Holmgren,C,7-1,213,"May 1, 2002",us US,1,Gonzaga,https://www.basketball-reference.com/teams/OKC/2025.html,OKC,2024-2025
15,Branden Carlson,C,7-0,220,"June 14, 1999",us US,0,Utah,https://www.basketball-reference.com/teams/OKC/2025.html,OKC,2024-2025
88,Alex Ducas  (TW),SG,6-6,222,"December 11, 2000",au AU,0,Saint Mary's University,https://www.basketball-reference.com/teams/OKC/2025.html,OKC,2024-2025
NA,Jaylin Williams,PF,6-8,250,"June 29, 2002",us US,2,Arkansas,https://www.basketball-reference.com/teams/OKC/2025.html,OKC,2024-2025
NA,Nikola Topić,PG,6-6,201,"August 10, 2005",rs RS,0,,https://www.basketball-reference.com/teams/OKC/2025.html,OKC,2024-2025
21,Moritz Wagner,C,6-11,245,"April 26, 1997",de DE,6,Michigan,https://www.basketball-reference.com/teams/ORL/2025.html,ORL,2024-2025
0,Anthony Black,PG,6-7,198,"January 20, 2004",us US,1,Arkansas,https://www.basketball-reference.com/teams/ORL/2025.html,ORL,2024-2025
3,Kentavious Caldwell-Pope,SG,6-5,204,"February 18, 1993",us US,11,Georgia,https://www.basketball-reference.com/teams/ORL/2025.html,ORL,2024-2025
4,Jalen Suggs,PG,6-5,205,"June 3, 2001",us US,3,Gonzaga,https://www.basketball-reference.com/teams/ORL/2025.html,ORL,2024-2025
13,Jett Howard,SF,6-8,215,"September 14, 2003",us US,1,Michigan,https://www.basketball-reference.com/teams/ORL/2025.html,ORL,2024-2025
50,Cole Anthony,PG,6-2,185,"May 15, 2000",us US,4,UNC,https://www.basketball-reference.com/teams/ORL/2025.html,ORL,2024-2025
23,Tristan Da Silva,SF,6-8,217,"May 15, 2001",de DE,0,Colorado,https://www.basketball-reference.com/teams/ORL/2025.html,ORL,2024-2025
22,Franz Wagner,SF,6-10,225,"August 27, 2001",de DE,3,Michigan,https://www.basketball-reference.com/teams/ORL/2025.html,ORL,2024-2025
35,Goga Bitadze,C,6-11,250,"July 20, 1999",ge GE,5,,https://www.basketball-reference.com/teams/ORL/2025.html,ORL,2024-2025
1,Jonathan Isaac,PF,6-10,230,"October 3, 1997",us US,5,Florida State,https://www.basketball-reference.com/teams/ORL/2025.html,ORL,2024-2025
2,Caleb Houstan,SF,6-8,205,"January 9, 2003",ca CA,2,Michigan,https://www.basketball-reference.com/teams/ORL/2025.html,ORL,2024-2025
34,Wendell Carter Jr.,C,6-10,270,"April 16, 1999",us US,6,Duke,https://www.basketball-reference.com/teams/ORL/2025.html,ORL,2024-2025
14,Gary Harris,SG,6-4,210,"September 14, 1994",us US,10,Michigan State,https://www.basketball-reference.com/teams/ORL/2025.html,ORL,2024-2025
10,Cory Joseph,PG,6-2,200,"August 20, 1991",ca CA,13,Texas,https://www.basketball-reference.com/teams/ORL/2025.html,ORL,2024-2025
5,Paolo Banchero,PF,6-10,250,"November 12, 2002",us US,2,Duke,https://www.basketball-reference.com/teams/ORL/2025.html,ORL,2024-2025
12,Trevelin Queen  (TW),SG,6-6,190,"February 25, 1997",us US,3,"College of Marin, New Mexico Military Institute, New Mexico State",https://www.basketball-reference.com/teams/ORL/2025.html,ORL,2024-2025
8,Mac McClung  (TW),SG,6-2,185,"January 6, 1999",us US,2,"Georgetown, Texas Tech",https://www.basketball-reference.com/teams/ORL/2025.html,ORL,2024-2025
9,Kelly Oubre Jr.,SF,6-8,203,"December 9, 1995",us US,9,Kansas,https://www.basketball-reference.com/teams/PHI/2025.html,PHI,2024-2025
28,Guerschon Yabusele,PF,6-8,260,"December 17, 1995",fr FR,2,,https://www.basketball-reference.com/teams/PHI/2025.html,PHI,2024-2025
20,Jared McCain,SG,6-2,195,"February 20, 2004",us US,0,Duke,https://www.basketball-reference.com/teams/PHI/2025.html,PHI,2024-2025
5,Andre Drummond,C,6-11,279,"August 10, 1993",us US,12,UConn,https://www.basketball-reference.com/teams/PHI/2025.html,PHI,2024-2025
1,KJ Martin,PF,6-6,215,"January 6, 2001",us US,4,,https://www.basketball-reference.com/teams/PHI/2025.html,PHI,2024-2025
16,Caleb Martin,SF,6-5,205,"September 28, 1995",us US,5,"NC State, Nevada",https://www.basketball-reference.com/teams/PHI/2025.html,PHI,2024-2025
14,Ricky Council IV,SF,6-6,205,"August 3, 2001",us US,1,"Wichita State, Arkansas",https://www.basketball-reference.com/teams/PHI/2025.html,PHI,2024-2025
0,Tyrese Maxey,PG,6-2,200,"November 4, 2000",us US,4,Kentucky,https://www.basketball-reference.com/teams/PHI/2025.html,PHI,2024-2025
23,Eric Gordon,SG,6-3,215,"December 25, 1988",us US,16,Indiana,https://www.basketball-reference.com/teams/PHI/2025.html,PHI,2024-2025
7,Kyle Lowry,PG,6-0,196,"March 25, 1986",us US,18,Villanova,https://www.basketball-reference.com/teams/PHI/2025.html,PHI,2024-2025
8,Paul George,PF,6-8,220,"May 2, 1990",us US,14,Fresno State,https://www.basketball-reference.com/teams/PHI/2025.html,PHI,2024-2025
30,Adem Bona,C,6-10,235,"March 28, 2003",ng NG,0,UCLA,https://www.basketball-reference.com/teams/PHI/2025.html,PHI,2024-2025
0,Reggie Jackson,PG,6-2,208,"April 16, 1990",it IT,13,Boston College,https://www.basketball-reference.com/teams/PHI/2025.html,PHI,2024-2025
11,Jeff Dowtin  (TW),PG,6-3,185,"May 10, 1997",us US,3,Rhode Island,https://www.basketball-reference.com/teams/PHI/2025.html,PHI,2024-2025
21,Joel Embiid,C,7-0,280,"March 16, 1994",cm CM,8,Kansas,https://www.basketball-reference.com/teams/PHI/2025.html,PHI,2024-2025
19,Justin Edwards  (TW),SF,6-6,203,"December 16, 2003",us US,0,Kentucky,https://www.basketball-reference.com/teams/PHI/2025.html,PHI,2024-2025
NA,Pete Nance  (TW),PF,6-11,230,"February 19, 2000",us US,1,"Northwestern, UNC",https://www.basketball-reference.com/teams/PHI/2025.html,PHI,2024-2025
21,Tyus Jones,PG,6-1,196,"May 10, 1996",us US,9,Duke,https://www.basketball-reference.com/teams/PHO/2025.html,PHO,2024-2025
0,Royce O'Neale,SF,6-4,226,"June 5, 1993",us US,7,"Denver, Baylor",https://www.basketball-reference.com/teams/PHO/2025.html,PHO,2024-2025
1,Devin Booker,SG,6-6,206,"October 30, 1996",us US,9,Kentucky,https://www.basketball-reference.com/teams/PHO/2025.html,PHO,2024-2025
22,Mason Plumlee,C,6-10,254,"March 5, 1990",us US,11,Duke,https://www.basketball-reference.com/teams/PHO/2025.html,PHO,2024-2025
8,Grayson Allen,SG,6-4,198,"October 8, 1995",us US,6,Duke,https://www.basketball-reference.com/teams/PHO/2025.html,PHO,2024-2025
0,Ryan Dunn,SF,6-6,216,"January 7, 2003",us US,0,Virginia,https://www.basketball-reference.com/teams/PHO/2025.html,PHO,2024-2025
23,Monte Morris,PG,6-2,183,"June 27, 1995",us US,7,Iowa State,https://www.basketball-reference.com/teams/PHO/2025.html,PHO,2024-2025
4,Oso Ighodaro,PF,6-10,235,"July 14, 2002",us US,0,Marquette,https://www.basketball-reference.com/teams/PHO/2025.html,PHO,2024-2025
20,Jusuf Nurkić,C,7-0,290,"August 23, 1994",ba BA,10,,https://www.basketball-reference.com/teams/PHO/2025.html,PHO,2024-2025
35,Kevin Durant,PF,6-11,240,"September 29, 1988",us US,16,Texas,https://www.basketball-reference.com/teams/PHO/2025.html,PHO,2024-2025
3,Bradley Beal,SG,6-4,207,"June 28, 1993",us US,12,Florida,https://www.basketball-reference.com/teams/PHO/2025.html,PHO,2024-2025
2,Josh Okogie,SG,6-4,213,"September 1, 1998",ng NG,6,Georgia Tech,https://www.basketball-reference.com/teams/PHO/2025.html,PHO,2024-2025
11,Bol Bol  (TW),PF,7-3,220,"November 16, 1999",sd SD,5,Oregon,https://www.basketball-reference.com/teams/PHO/2025.html,PHO,2024-2025
10,Damion Lee,SG,6-5,210,"October 21, 1992",us US,6,"Drexel, Louisville",https://www.basketball-reference.com/teams/PHO/2025.html,PHO,2024-2025
14,TyTy Washington Jr.  (TW),PG,6-3,197,"November 15, 2001",us US,2,Kentucky,https://www.basketball-reference.com/teams/PHO/2025.html,PHO,2024-2025
15,Jalen Bridges  (TW),SF,6-8,225,"May 14, 2001",us US,0,"West Virginia, Baylor",https://www.basketball-reference.com/teams/PHO/2025.html,PHO,2024-2025
12,Collin Gillespie  (TW),PG,6-1,195,"June 25, 1999",us US,1,Villanova,https://www.basketball-reference.com/teams/PHO/2025.html,PHO,2024-2025
8,Deni Avdija,SF,6-9,210,"January 3, 2001",il IL,4,,https://www.basketball-reference.com/teams/POR/2025.html,POR,2024-2025
33,Toumani Camara,PF,6-8,220,"May 8, 2000",be BE,1,Dayton,https://www.basketball-reference.com/teams/POR/2025.html,POR,2024-2025
9,Jerami Grant,PF,6-7,210,"March 12, 1994",us US,10,Syracuse,https://www.basketball-reference.com/teams/POR/2025.html,POR,2024-2025
1,Anfernee Simons,SG,6-3,181,"June 8, 1999",us US,6,,https://www.basketball-reference.com/teams/POR/2025.html,POR,2024-2025
5,Dalano Banton,PG,6-9,204,"November 7, 1999",ca CA,3,Nebraska,https://www.basketball-reference.com/teams/POR/2025.html,POR,2024-2025
24,Kris Murray,SF,6-8,220,"August 19, 2000",us US,1,Iowa,https://www.basketball-reference.com/teams/POR/2025.html,POR,2024-2025
21,Rayan Rupert,SG,6-6,205,"May 31, 2004",fr FR,1,,https://www.basketball-reference.com/teams/POR/2025.html,POR,2024-2025
34,Jabari Walker,SF,6-9,215,"July 30, 2002",us US,2,Colorado,https://www.basketball-reference.com/teams/POR/2025.html,POR,2024-2025
0,Scoot Henderson,PG,6-3,202,"February 3, 2004",us US,1,,https://www.basketball-reference.com/teams/POR/2025.html,POR,2024-2025
23,Donovan Clingan,C,7-2,280,"February 23, 2004",us US,0,UConn,https://www.basketball-reference.com/teams/POR/2025.html,POR,2024-2025
17,Shaedon Sharpe,SG,6-6,200,"May 30, 2003",ca CA,2,Kentucky,https://www.basketball-reference.com/teams/POR/2025.html,POR,2024-2025
2,Deandre Ayton,C,7-0,250,"July 23, 1998",bs BS,6,Arizona,https://www.basketball-reference.com/teams/POR/2025.html,POR,2024-2025
26,Duop Reath,C,6-11,245,"June 26, 1996",ss SS,1,"Lee College, LSU",https://www.basketball-reference.com/teams/POR/2025.html,POR,2024-2025
35,Robert Williams,C,6-9,237,"October 17, 1997",us US,6,Texas A&M,https://www.basketball-reference.com/teams/POR/2025.html,POR,2024-2025
76,Taze Moore  (TW),SG,6-5,195,"June 29, 1998",us US,1,"Cal State-Bakersfield, Houston",https://www.basketball-reference.com/teams/POR/2025.html,POR,2024-2025
11,Bryce McGowens  (TW),SG,6-7,179,"November 8, 2002",us US,2,Nebraska,https://www.basketball-reference.com/teams/POR/2025.html,POR,2024-2025
10,Justin Minaya  (TW),SF,6-5,210,"March 26, 1999",us US,2,,https://www.basketball-reference.com/teams/POR/2025.html,POR,2024-2025
NA,Matisse Thybulle,SG,6-5,201,"March 4, 1997",us US,5,Washington,https://www.basketball-reference.com/teams/POR/2025.html,POR,2024-2025
5,De'Aaron Fox,PG,6-3,185,"December 20, 1997",us US,7,Kentucky,https://www.basketball-reference.com/teams/SAC/2025.html,SAC,2024-2025
13,Keegan Murray,PF,6-8,215,"August 19, 2000",us US,2,Iowa,https://www.basketball-reference.com/teams/SAC/2025.html,SAC,2024-2025
11,Domantas Sabonis,C,6-10,240,"May 3, 1996",us US,8,Gonzaga,https://www.basketball-reference.com/teams/SAC/2025.html,SAC,2024-2025
23,Keon Ellis,SG,6-6,175,"January 8, 2000",us US,2,"Florida SouthWestern State College, Alabama",https://www.basketball-reference.com/teams/SAC/2025.html,SAC,2024-2025
9,Kevin Huerter,SG,6-7,190,"August 27, 1998",us US,6,Maryland,https://www.basketball-reference.com/teams/SAC/2025.html,SAC,2024-2025
10,DeMar DeRozan,SF,6-6,220,"August 7, 1989",us US,15,USC,https://www.basketball-reference.com/teams/SAC/2025.html,SAC,2024-2025
0,Malik Monk,SG,6-3,200,"February 4, 1998",us US,7,Kentucky,https://www.basketball-reference.com/teams/SAC/2025.html,SAC,2024-2025
7,Doug McDermott,SF,6-6,225,"January 3, 1992",us US,10,Creighton,https://www.basketball-reference.com/teams/SAC/2025.html,SAC,2024-2025
3,Jordan McLaughlin,PG,6-0,185,"April 9, 1996",us US,5,USC,https://www.basketball-reference.com/teams/SAC/2025.html,SAC,2024-2025
25,Alex Len,C,7-0,250,"June 16, 1993",ua UA,11,Maryland,https://www.basketball-reference.com/teams/SAC/2025.html,SAC,2024-2025
41,Trey Lyles,PF,6-9,234,"November 5, 1995",ca CA,9,Kentucky,https://www.basketball-reference.com/teams/SAC/2025.html,SAC,2024-2025
17,Isaac Jones  (TW),PF,6-8,245,"July 11, 2000",us US,0,"Wenatchee Valley College, Idaho, Washington State",https://www.basketball-reference.com/teams/SAC/2025.html,SAC,2024-2025
20,Colby Jones,SG,6-6,205,"May 28, 2002",us US,1,Xavier,https://www.basketball-reference.com/teams/SAC/2025.html,SAC,2024-2025
77,Orlando Robinson,C,7-0,235,"July 10, 2000",us US,2,Fresno State,https://www.basketball-reference.com/teams/SAC/2025.html,SAC,2024-2025
99,Jae Crowder,SF,6-6,235,"July 6, 1990",us US,12,Marquette,https://www.basketball-reference.com/teams/SAC/2025.html,SAC,2024-2025
24,Isaiah Crawford  (TW),SF,6-6,220,"November 1, 2001",us US,0,Louisiana Tech,https://www.basketball-reference.com/teams/SAC/2025.html,SAC,2024-2025
NA,Devin Carter,PG,6-2,195,"March 18, 2002",us US,0,"South Carolina, Providence",https://www.basketball-reference.com/teams/SAC/2025.html,SAC,2024-2025
30,Julian Champagnie,SF,6-8,220,"June 29, 2001",us US,2,St. John's,https://www.basketball-reference.com/teams/SAS/2025.html,SAS,2024-2025
40,Harrison Barnes,PF,6-8,225,"May 30, 1992",us US,12,UNC,https://www.basketball-reference.com/teams/SAS/2025.html,SAS,2024-2025
3,Chris Paul,PG,6-0,175,"May 6, 1985",us US,19,Wake Forest,https://www.basketball-reference.com/teams/SAS/2025.html,SAS,2024-2025
5,Stephon Castle,PG,6-6,215,"November 1, 2004",us US,0,UConn,https://www.basketball-reference.com/teams/SAS/2025.html,SAS,2024-2025
0,Keldon Johnson,SF,6-5,220,"October 11, 1999",us US,5,Kentucky,https://www.basketball-reference.com/teams/SAS/2025.html,SAS,2024-2025
23,Zach Collins,C,6-11,250,"November 19, 1997",us US,6,Gonzaga,https://www.basketball-reference.com/teams/SAS/2025.html,SAS,2024-2025
1,Victor Wembanyama,C,7-3,209,"January 4, 2004",fr FR,1,,https://www.basketball-reference.com/teams/SAS/2025.html,SAS,2024-2025
14,Blake Wesley,SG,6-5,185,"March 16, 2003",us US,2,Notre Dame,https://www.basketball-reference.com/teams/SAS/2025.html,SAS,2024-2025
22,Malaki Branham,SG,6-4,180,"May 12, 2003",us US,2,Ohio State,https://www.basketball-reference.com/teams/SAS/2025.html,SAS,2024-2025
54,Sandro Mamukelashvili,PF,6-11,240,"May 23, 1999",us US,3,Seton Hall,https://www.basketball-reference.com/teams/SAS/2025.html,SAS,2024-2025
28,Charles Bassey,C,6-10,235,"October 28, 2000",ng NG,3,Western Kentucky,https://www.basketball-reference.com/teams/SAS/2025.html,SAS,2024-2025
10,Jeremy Sochan,PF,6-8,230,"May 20, 2003",us US,2,Baylor,https://www.basketball-reference.com/teams/SAS/2025.html,SAS,2024-2025
24,Devin Vassell,SG,6-5,200,"August 23, 2000",us US,4,Florida State,https://www.basketball-reference.com/teams/SAS/2025.html,SAS,2024-2025
25,Sidy Cissoko,SF,6-8,200,"April 2, 2004",fr FR,1,,https://www.basketball-reference.com/teams/SAS/2025.html,SAS,2024-2025
33,Tre Jones,PG,6-1,185,"January 8, 2000",us US,4,Duke,https://www.basketball-reference.com/teams/SAS/2025.html,SAS,2024-2025
7,David Duke Jr.  (TW),SG,6-5,205,"October 13, 1999",us US,3,Providence,https://www.basketball-reference.com/teams/SAS/2025.html,SAS,2024-2025
27,Riley Minix  (TW),SF,6-7,230,"September 22, 2000",us US,0,"Southeastern University, Morehead State University",https://www.basketball-reference.com/teams/SAS/2025.html,SAS,2024-2025
55,Harrison Ingram  (TW),SF,6-5,230,"November 27, 2002",us US,0,"Stanford, UNC",https://www.basketball-reference.com/teams/SAS/2025.html,SAS,2024-2025
30,Ochai Agbaji,SG,6-5,215,"April 20, 2000",us US,2,Kansas,https://www.basketball-reference.com/teams/TOR/2025.html,TOR,2024-2025
2,Jonathan Mogbo,PF,6-9,225,"October 29, 2001",us US,0,"Missouri State, San Francisco",https://www.basketball-reference.com/teams/TOR/2025.html,TOR,2024-2025
45,Davion Mitchell,PG,6-2,205,"September 5, 1998",us US,3,"Auburn, Baylor",https://www.basketball-reference.com/teams/TOR/2025.html,TOR,2024-2025
23,Jamal Shead,PG,6-0,200,"June 24, 2002",us US,0,Houston,https://www.basketball-reference.com/teams/TOR/2025.html,TOR,2024-2025
19,Jakob Poeltl,C,7-0,245,"October 15, 1995",at AT,8,Utah,https://www.basketball-reference.com/teams/TOR/2025.html,TOR,2024-2025
25,Chris Boucher,PF,6-9,200,"January 11, 1993",lc LC,7,"New Mexico Junior College, Northwest College, Oregon",https://www.basketball-reference.com/teams/TOR/2025.html,TOR,2024-2025
77,Jamison Battle  (TW),SF,6-7,220,"May 10, 2001",us US,0,"George Washington, Minnesota, Ohio State",https://www.basketball-reference.com/teams/TOR/2025.html,TOR,2024-2025
9,RJ Barrett,SG,6-6,214,"June 14, 2000",ca CA,5,Duke,https://www.basketball-reference.com/teams/TOR/2025.html,TOR,2024-2025
1,Gradey Dick,SG,6-6,205,"November 20, 2003",us US,1,Kansas,https://www.basketball-reference.com/teams/TOR/2025.html,TOR,2024-2025
4,Scottie Barnes,PF,6-7,227,"August 1, 2001",us US,3,Florida State,https://www.basketball-reference.com/teams/TOR/2025.html,TOR,2024-2025
24,Bruno Fernando,C,6-9,240,"August 15, 1998",ao AO,5,Maryland,https://www.basketball-reference.com/teams/TOR/2025.html,TOR,2024-2025
14,Ja'Kobe Walter,SG,6-5,180,"September 4, 2004",us US,0,Baylor,https://www.basketball-reference.com/teams/TOR/2025.html,TOR,2024-2025
17,Garrett Temple,SG,6-5,195,"May 8, 1986",us US,14,LSU,https://www.basketball-reference.com/teams/TOR/2025.html,TOR,2024-2025
41,Kelly Olynyk,C,6-11,240,"April 19, 1991",ca CA,11,Gonzaga,https://www.basketball-reference.com/teams/TOR/2025.html,TOR,2024-2025
5,Immanuel Quickley,PG,6-3,190,"June 17, 1999",us US,4,Kentucky,https://www.basketball-reference.com/teams/TOR/2025.html,TOR,2024-2025
22,Ulrich Chomche  (TW),PF,6-10,235,"December 30, 2005",cm CM,0,,https://www.basketball-reference.com/teams/TOR/2025.html,TOR,2024-2025
NA,Bruce Brown,PG,6-4,202,"August 15, 1996",us US,6,Miami (FL),https://www.basketball-reference.com/teams/TOR/2025.html,TOR,2024-2025
NA,A.J. Lawson  (TW),SG,6-6,179,"July 15, 2000",ca CA,2,South Carolina,https://www.basketball-reference.com/teams/TOR/2025.html,TOR,2024-2025
2,Collin Sexton,SG,6-3,190,"January 4, 1999",us US,6,Alabama,https://www.basketball-reference.com/teams/UTA/2025.html,UTA,2024-2025
20,John Collins,PF,6-9,235,"September 23, 1997",us US,7,Wake Forest,https://www.basketball-reference.com/teams/UTA/2025.html,UTA,2024-2025
3,Keyonte George,PG,6-4,185,"November 8, 2003",us US,1,Baylor,https://www.basketball-reference.com/teams/UTA/2025.html,UTA,2024-2025
33,Johnny Juzang,SG,6-7,215,"March 17, 2001",us US,2,"Kentucky, UCLA",https://www.basketball-reference.com/teams/UTA/2025.html,UTA,2024-2025
23,Lauri Markkanen,PF,7-0,240,"May 22, 1997",fi FI,7,Arizona,https://www.basketball-reference.com/teams/UTA/2025.html,UTA,2024-2025
15,Drew Eubanks,C,6-9,245,"February 1, 1997",us US,6,Oregon State,https://www.basketball-reference.com/teams/UTA/2025.html,UTA,2024-2025
24,Walker Kessler,C,7-0,245,"July 26, 2001",us US,2,"UNC, Auburn",https://www.basketball-reference.com/teams/UTA/2025.html,UTA,2024-2025
28,Brice Sensabaugh,SF,6-6,235,"October 30, 2003",us US,1,Ohio State,https://www.basketball-reference.com/teams/UTA/2025.html,UTA,2024-2025
13,Isaiah Collier,PG,6-3,210,"October 8, 2004",us US,0,USC,https://www.basketball-reference.com/teams/UTA/2025.html,UTA,2024-2025
0,Jordan Clarkson,SG,6-3,194,"June 7, 1992",us US,10,"Tulsa, Missouri",https://www.basketball-reference.com/teams/UTA/2025.html,UTA,2024-2025
22,Kyle Filipowski,C,6-11,250,"November 7, 2003",us US,0,Duke,https://www.basketball-reference.com/teams/UTA/2025.html,UTA,2024-2025
5,Cody Williams,SG,6-7,190,"November 20, 2004",us US,0,Colorado,https://www.basketball-reference.com/teams/UTA/2025.html,UTA,2024-2025
8,Patty Mills,PG,6-2,180,"August 11, 1988",au AU,15,Saint Mary's,https://www.basketball-reference.com/teams/UTA/2025.html,UTA,2024-2025
19,Svi Mykhailiuk,SF,6-7,205,"June 10, 1997",ua UA,6,Kansas,https://www.basketball-reference.com/teams/UTA/2025.html,UTA,2024-2025
25,Micah Potter  (TW),C,6-10,248,"April 6, 1998",us US,3,"Ohio State, Wisconsin",https://www.basketball-reference.com/teams/UTA/2025.html,UTA,2024-2025
0,Taylor Hendricks,PF,6-9,210,"November 22, 2003",us US,1,Central Florida,https://www.basketball-reference.com/teams/UTA/2025.html,UTA,2024-2025
34,Oscar Tshiebwe  (TW),PF,6-9,260,"November 27, 1999",cd CD,1,"West Virginia, Kentucky",https://www.basketball-reference.com/teams/UTA/2025.html,UTA,2024-2025
NA,David Jones  (TW),SF,6-6,210,"November 24, 2001",do DO,0,"DePaul, St. John's, Memphis",https://www.basketball-reference.com/teams/UTA/2025.html,UTA,2024-2025
17,Jonas Valančiūnas,C,6-11,265,"May 6, 1992",lt LT,12,,https://www.basketball-reference.com/teams/WAS/2025.html,WAS,2024-2025
8,Carlton Carrington,PG,6-4,190,"July 21, 2005",us US,0,Pitt,https://www.basketball-reference.com/teams/WAS/2025.html,WAS,2024-2025
0,Bilal Coulibaly,SF,6-6,195,"July 26, 2004",fr FR,1,,https://www.basketball-reference.com/teams/WAS/2025.html,WAS,2024-2025
13,Jordan Poole,SG,6-4,194,"June 19, 1999",us US,5,Michigan,https://www.basketball-reference.com/teams/WAS/2025.html,WAS,2024-2025
20,Alex Sarr,C,7-0,205,"April 26, 2005",fr FR,0,,https://www.basketball-reference.com/teams/WAS/2025.html,WAS,2024-2025
24,Corey Kispert,SF,6-7,220,"March 3, 1999",us US,3,Gonzaga,https://www.basketball-reference.com/teams/WAS/2025.html,WAS,2024-2025
18,Kyshawn George,SG,6-7,200,"December 12, 2003",ch CH,0,Miami (FL),https://www.basketball-reference.com/teams/WAS/2025.html,WAS,2024-2025
16,Anthony Gill,PF,6-7,230,"October 17, 1992",us US,4,"South Carolina, Virginia",https://www.basketball-reference.com/teams/WAS/2025.html,WAS,2024-2025
4,Jared Butler  (TW),SG,6-3,195,"August 25, 2000",us US,3,Baylor,https://www.basketball-reference.com/teams/WAS/2025.html,WAS,2024-2025
1,Johnny Davis,SG,6-5,196,"February 27, 2002",us US,2,Wisconsin,https://www.basketball-reference.com/teams/WAS/2025.html,WAS,2024-2025
35,Marvin Bagley III,C,6-10,235,"March 14, 1999",us US,6,Duke,https://www.basketball-reference.com/teams/WAS/2025.html,WAS,2024-2025
33,Kyle Kuzma,PF,6-9,221,"July 24, 1995",us US,7,Utah,https://www.basketball-reference.com/teams/WAS/2025.html,WAS,2024-2025
7,Patrick Baldwin Jr.,SF,6-9,220,"November 18, 2002",us US,2,UW-Milwaukee,https://www.basketball-reference.com/teams/WAS/2025.html,WAS,2024-2025
15,Malcolm Brogdon,PG,6-4,229,"December 11, 1992",us US,8,Virginia,https://www.basketball-reference.com/teams/WAS/2025.html,WAS,2024-2025
22,Richaun Holmes,PF,6-10,235,"October 15, 1993",us US,9,Bowling Green,https://www.basketball-reference.com/teams/WAS/2025.html,WAS,2024-2025
NA,Saddiq Bey,SF,6-7,215,"April 9, 1999",us US,4,Villanova,https://www.basketball-reference.com/teams/WAS/2025.html,WAS,2024-2025
NA,Tristan Vukcevic  (TW),C,6-10,223,"March 11, 2003",it IT,1,,https://www.basketball-reference.com/teams/WAS/2025.html,WAS,2024-2025
