NBL ID,NBA ID,Player,From,To,Pos,Ht,Wt,Birth Date
1001,NA,Ray Adams,1938,1941,Forward-Center,6-2,185,"September 28, 1912"
1002,NA,Willie Adams,1938,1938,Forward,5-11,160,"October 2, 1911"
1003,NA,Clyde Anton,1938,1938,Guard,NA,NA,NA
1004,NA,Gerry Archibald,1938,1939,Guard,6-0,170,"August 22, 1907"
1005,NA,Scotty Armstrong,1938,1942,Forward-Center,6-4,190,"October 12, 1913"
1006,NA,Stan Arnzen,1938,1938,Forward,5-11,170,"August 8, 1914"
1007,NA,Carl Austing,1938,1938,Forward-Center,6-4,180,"April 25, 1910"
1008,NA,Frank Baird,1938,1942,Guard-Forward,5-11,160,"April 10, 1912"
1009,NA,Wes Bennett,1938,1939,Center-Forward,6-3,175,"March 31, 1913"
1010,NA,Bernie Berens,1938,1938,Center,6-5,190,"February 26, 1913"
1011,NA,Don Betourne,1938,1938,Forward,6-1,200,"February 27, 1915"
1012,NA,Chuck Bloedorn,1938,1940,Guard,6-0,180,"May 28, 1912"
1013,NA,Herb Bonn,1938,1939,Forward,6-0,195,"July 14, 1914"
1014,NA,Al Bonniwell,1938,1939,Guard-Forward,6-2,185,"October 6, 1911"
1015,NA,Harold Bower,1938,1938,Guard,5-10,165,"March 25, 1912"
1016,NA,Sam Busich,1938,1938,Guard,6-3,190,"November 17, 1913"
1017,NA,Soup Cable,1938,1942,Forward-Guard,6-3,200,"April 4, 1913"
1018,NA,Ed Campion,1938,1939,Guard,6-2,190,"December 19, 1915"
1019,NA,Danny Carnevale,1938,1938,Guard,6-0,185,"February 8, 1918"
1020,1311,Al Cervi,1938,1949,Guard-Forward,5-11,170,"February 12, 1917"
1021,NA,George Chestnut,1938,1940,Center-Forward,6-5,210,"September 27, 1911"
1022,NA,Bobby Colburn,1938,1938,Forward,5-10,190,"March 23, 1911"
1023,NA,Paul Coleman,1938,1938,Guard,6-2,160,"September 25, 1915"
1024,NA,Bob Cope,1938,1938,Center-Forward,6-4,190,"September 3, 1911"
1025,NA,Leo Crowe,1938,1938,Guard,5-11,170,"April 2, 1912"
1026,NA,Cookie Cunningham,1938,1938,Forward-Center,6-3,210,"February 4, 1905"
1027,NA,Bob DeWeese,1938,1938,Guard,5-11,160,"November 8, 1915"
1028,NA,Duck Dowell,1938,1938,Center-Forward,6-3,200,"August 14, 1912"
1029,NA,Beryl Drummond,1938,1947,Guard,6-1,185,"June 16, 1918"
1030,NA,Leroy Edwards,1938,1949,Center-Forward,6-4,200,"April 11, 1914"
1031,NA,Denny Elliott,1938,1938,Guard,5-9,150,"February 18, 1914"
1032,NA,Byron Evard,1938,1938,Guard,5-8,155,"March 27, 1908"
1033,NA,Fred Fechtman,1938,1938,Center,NA,NA,"August 10, 1910"
1034,NA,Wilson Fitts,1938,1939,Guard-Forward,6-2,165,"June 16, 1915"
1035,NA,Hymie Ginsburg,1938,1939,Guard,5-9,170,"March 23, 1914"
1036,NA,Fred Grafft,1938,1938,Guard,5-9,NA,"February 20, 1912"
1037,NA,Ken Gunning,1938,1946,Forward-Guard,5-11,170,"June 4, 1914"
1038,NA,Bill Haarlow,1938,1938,Forward,6-1,170,"May 5, 1913"
1039,NA,Warren Hair,1938,1938,Guard,NA,NA,"July 18, 1918"
1040,NA,Ray Hamann,1938,1939,Guard-Forward,6-4,205,"August 19, 1911"
1041,NA,Jim Hilgemann,1938,1942,Guard,6-0,170,"December 22, 1916"
1042,NA,Johnny Hoekstra,1938,1938,Center,6-5,225,"November 7, 1917"
1043,NA,Bill Holland,1938,1940,Center-Forward,6-5,210,"April 10, 1914"
1044,NA,Ife Holmes,1938,1938,Guard,5-6,150,"August 15, 1905"
1045,2103,Bill Hosket,1938,1938,Center,6-5,NA,"February 19, 1911"
1046,NA,Herb Hutchinson,1938,1938,Forward-Guard,NA,NA,NA
1047,NA,Stan Jackson,1938,1938,Forward,NA,NA,NA
1048,NA,Stub Jacobson,1938,1938,Center,6-6,NA,NA
1049,NA,Bill Jesko,1938,1939,Guard-Forward,5-10,170,"December 24, 1915"
1050,NA,Mally Johnson,1938,1939,Forward-Guard,5-9,165,"February 4, 1908"
1051,NA,Ken Jordan,1938,1938,Forward,6-2,180,"June 18, 1912"
1052,NA,Bob Kessler,1938,1939,Forward,6-0,165,"November 25, 1914"
1053,NA,Joe Kruse,1938,1938,Guard,6-2,200,"September 9, 1914"
1054,NA,Ed Kweller,1938,1939,Center,6-5,225,"January 27, 1915"
1055,NA,Buck Lamme,1938,1938,Guard,6-2,180,"July 2, 1905"
1056,NA,Tim Lawry,1938,1938,Forward,5-10,155,"August 1, 1911"
1057,NA,Sew Leeka,1938,1938,Guard,6-1,185,"September 15, 1907"
1058,NA,Johnny Lenhart,1938,1938,Forward,6-4,180,"December 4, 1915"
1059,NA,Bud Lindenberg,1938,1938,Guard,6-0,175,"September 13, 1909"
1060,NA,Leroy Lins,1938,1938,Guard,6-1,175,"June 21, 1913"
1061,NA,Frank Linskey,1938,1941,Guard,6-2,180,"August 18, 1913"
1062,NA,Sam Loucks,1938,1938,Center-Forward,6-4,195,"July 9, 1915"
1063,NA,Bob Lytle,1938,1938,Forward,6-4,180,"August 9, 1916"
1064,NA,Red Malackany,1938,1939,Guard,5-9,165,"May 3, 1913"
1065,NA,Eddie Malanowicz,1938,1938,Center,6-3,220,"December 30, 1910"
1066,NA,Frank Maury,1938,1939,Guard,5-5,155,NA
1067,NA,Johnny McAdams,1938,1940,Guard,5-10,147,"April 15, 1912"
1068,NA,Bob McConnell,1938,1938,Guard-Forward,NA,NA,"May 20, 1912"
1069,NA,Vince McGowan,1938,1945,Center-Forward,6-6,208,"August 13, 1913"
1070,NA,Curt McMahon,1938,1938,Guard,6-0,150,"January 26, 1915"
1071,NA,Dean Mealy,1938,1940,Center,6-4,195,"May 7, 1915"
1072,NA,Gene Mechling,1938,1938,Guard,6-1,215,"March 24, 1909"
1073,NA,Don Meyer,1938,1938,Forward-Center,6-7,NA,"April 22, 1910"
1074,NA,LaVern Meyer,1938,1938,Guard,6-0,NA,"June 17, 1916"
1075,NA,Miller,1938,1938,Forward,NA,NA,NA
1076,1100,Walt Miller,1938,1946,Forward,6-2,190,"July 30, 1915"
1077,NA,Bud Moodler,1938,1940,Guard,6-3,215,"September 21, 1912"
1078,NA,Dudey Moore,1938,1939,Guard,5-9,180,"April 5, 1910"
1079,NA,Emmett Morrison,1938,1938,Forward-Guard,6-3,180,"August 24, 1915"
1080,NA,Ray Morstadt,1938,1940,Forward-Center,6-2,220,"March 10, 1913"
1081,NA,Ed Mullen,1938,1940,Guard,6-3,185,"March 9, 1913"
1082,NA,Neil O'Donnell,1938,1938,Forward-Center,6-5,210,"April 17, 1914"
1083,NA,Jim O'Donnell,1938,1938,Forward-Center,6-1,180,"December 3, 1912"
1084,NA,Russ Ochsenhirt,1938,1939,Forward,6-3,195,"April 16, 1912"
1085,NA,Jack Ozburn,1938,1942,Guard-Forward,6-1,170,"January 4, 1913"
1086,NA,Johnny Pawk,1938,1939,Forward,6-2,210,"December 23, 1910"
1087,NA,Steve Pawk,1938,1938,Center-Forward,6-4,175,"August 14, 1914"
1088,NA,Bill Perigo,1938,1939,Forward,6-0,180,"September 17, 1911"
1089,NA,Woody Pitzer,1938,1938,Guard-Forward,6-0,160,"November 3, 1910"
1090,NA,Pete Preboske,1938,1939,Forward,6-1,195,"January 21, 1914"
1091,NA,Cy Proffitt,1938,1938,Forward,6-3,190,"October 26, 1911"
1092,NA,Bart Quinn,1938,1938,Forward,6-2,210,"February 19, 1917"
1093,NA,Stan Raiman,1938,1938,Guard-Forward,5-9,140,"March 22, 1914"
1094,NA,Bill Reeves,1938,1938,Guard,5-10,165,"December 5, 1904"
1095,NA,Marty Reiter,1938,1939,Guard,5-7,160,"August 25, 1911"
1096,NA,Ted Rigg,1938,1938,Guard,6-0,175,"June 7, 1913"
1097,NA,Glenn Roberts,1938,1942,Center-Forward,6-5,200,"October 25, 1912"
1098,NA,Wyman Roberts,1938,1938,Forward,5-11,160,"September 27, 1915"
1099,NA,Malcolm Rush,1938,1938,Forward,NA,NA,"April 2, 1909"
1100,NA,Lou Rutter,1938,1938,Guard,6-2,180,"August 4, 1914"
1101,NA,Leo Sack,1938,1938,Guard,5-8,145,"May 18, 1914"
1102,NA,Junior Saffer,1938,1938,Forward,6-0,165,"July 27, 1918"
1103,NA,Louie Sauer,1938,1938,Forward-Center,6-6,235,"September 3, 1915"
1104,NA,Glenn Schlechty,1938,1938,Forward,6-6,185,"March 31, 1912"
1105,NA,Gene Scholz,1938,1938,Forward,5-8,160,"September 28, 1917"
1106,NA,Bill Schrader,1938,1938,Center,6-7,210,"May 14, 1910"
1107,NA,Jack Shaffer,1938,1938,Forward-Center,6-3,190,"August 13, 1909"
1108,NA,Frank Shamel,1938,1938,Forward,6-0,200,"December 6, 1912"
1109,1404,Charley Shipp,1938,1949,Guard-Forward,6-1,200,"December 3, 1913"
1110,NA,Slim Shoun,1938,1939,Center,6-11,175,"October 4, 1904"
1111,NA,Pres Slack,1938,1939,Center-Forward,6-2,180,"December 28, 1908"
1112,NA,Don Smith,1938,1939,Guard,6-0,170,"October 8, 1910"
1113,NA,Bello Snyder,1938,1938,Forward,5-9,185,"February 7, 1912"
1114,NA,Joe Sotak,1938,1941,Forward-Center,6-2,210,"February 9, 1914"
1115,NA,Joe Stack,1938,1939,Guard-Forward,5-10,185,"November 5, 1912"
1116,NA,Howard Stammler,1938,1938,Guard-Forward,5-10,155,"July 23, 1911"
1117,NA,Walter Stankey,1938,1940,Forward-Center,NA,NA,NA
1118,NA,Clovis Stark,1938,1938,Forward,6-4,175,"October 6, 1914"
1119,NA,Ed Stege,1938,1938,Forward,6-6,214,"September 4, 1913"
1120,NA,Jack Stirling,1938,1939,Center,6-5,195,"November 16, 1917"
1121,NA,Jack Sullivan,1938,1938,Forward,6-1,182,NA
1122,NA,George Svendsen,1938,1938,Center-Forward,6-4,230,"March 22, 1913"
1123,NA,Everett Swank,1938,1939,Guard-Forward,5-11,165,"February 17, 1913"
1124,NA,Chelso Tamagno,1938,1939,Guard-Forward,6-0,180,"March 20, 1912"
1125,NA,Earl Thomas,1938,1939,Center,6-4,205,"September 22, 1915"
1126,NA,Paul Tobin,1938,1940,Guard,5-9,170,"November 23, 1909"
1127,NA,Augie Vander Meulen,1938,1939,Forward-Center,6-4,175,"November 6, 1909"
1128,NA,Norm Wagner,1938,1938,Center,6-5,200,"February 5, 1912"
1129,NA,Don Walsh,1938,1938,Forward,NA,NA,"September 13, 1916"
1130,NA,Warren Whitlinger,1938,1938,Forward,5-9,170,"April 4, 1914"
1131,NA,John Wiethe,1938,1938,Guard-Forward,6-0,198,"October 17, 1912"
1132,NA,Harlan Wilson,1938,1938,Guard,5-11,160,"February 3, 1914"
1133,NA,Eddie Wisbar,1938,1938,Center,6-6,200,"May 3, 1916"
1134,NA,Herm Witasek,1938,1942,Guard-Forward,6-2,210,"October 16, 1913"
1135,NA,Tarzan Woltzen,1938,1938,Guard-Forward,6-4,202,"June 29, 1905"
1136,NA,John Wooden,1938,1939,Guard,5-10,183,"October 14, 1910"
1137,NA,Loren Wright,1938,1938,Guard-Forward,5-10,145,"May 11, 1917"
1138,NA,Sparky Adams,1939,1940,Forward,6-1,185,"April 4, 1917"
1139,NA,Merle Alexander,1939,1939,Center-Forward,6-6,185,"September 2, 1907"
1140,NA,Carl Anderson,1939,1941,Guard,6-3,215,"November 16, 1913"
1141,NA,Byron Bell,1939,1939,Center,6-3,180,"June 9, 1914"
1142,NA,Polly Birch,1939,1946,Forward-Guard,6-1,190,"January 4, 1910"
1143,NA,Emmet Birk,1939,1939,Forward,6-1,185,"March 21, 1914"
1144,NA,Jim Birr,1939,1946,Forward-Center,6-3,215,"August 22, 1916"
1145,NA,Boris,1939,1939,Forward,NA,NA,NA
1146,NA,Lou Boudreau,1939,1939,Guard-Forward,5-11,170,"July 17, 1917"
1147,NA,Brown,1939,1939,Guard,NA,NA,NA
1148,NA,Jerry Bush,1939,1948,Forward-Center,6-3,200,"September 6, 1914"
1149,NA,Kieran Crowley,1939,1939,Guard,5-8,155,"June 7, 1916"
1150,NA,Ed Dancker,1939,1949,Center-Forward,6-7,214,"March 14, 1914"
1151,NA,Pick Dehner,1939,1939,Forward-Center,6-5,190,"August 29, 1914"
1152,NA,Glynn Downey,1939,1940,Guard,6-0,180,"September 10, 1915"
1153,NA,Dave Dupee,1939,1939,Forward,6-3,185,"March 30, 1916"
1154,NA,Floyd Ebaugh,1939,1942,Center,6-7,230,"May 30, 1914"
1155,1034,Joe Fabel,1939,1939,Forward-Guard,6-1,190,"May 15, 1917"
1156,NA,Ernie Fortney,1939,1946,Center,6-4,220,"January 6, 1915"
1157,NA,Steve Fowdy,1939,1939,Forward,6-2,180,"September 16, 1915"
1158,NA,Nick Frascella,1939,1941,Forward,6-2,185,"July 6, 1914"
1159,NA,Moose Graf,1939,1943,Forward-Center,6-3,200,"July 28, 1917"
1160,NA,Boney Grauman,1939,1939,Guard,6-2,200,"June 17, 1915"
1161,NA,Nick Hashu,1939,1946,Forward-Center,6-1,195,"February 1, 1917"
1162,NA,George Hesik,1939,1942,Forward-Center,6-2,195,"June 15, 1913"
1163,NA,Vern Huffman,1939,1939,Forward,6-2,215,"December 18, 1914"
1164,NA,Art Hyatt,1939,1940,Guard,6-2,190,"June 29, 1912"
1165,NA,James,1939,1939,Forward,NA,NA,NA
1166,1177,Buddy Jeannette,1939,1946,Guard,5-11,175,"September 15, 1917"
1167,NA,Bob Johnson,1939,1939,Guard,6-2,170,"January 29, 1917"
1168,NA,Joe Kinney,1939,1939,Center,NA,NA,NA
1169,NA,Eddie Kolar,1939,1939,Guard,5-10,170,"April 30, 1909"
1170,NA,Otto Kolar,1939,1942,Guard-Forward,6-3,180,"December 7, 1911"
1171,NA,Les Kuplic,1939,1940,Forward,6-3,200,"September 23, 1911"
1172,NA,Bill Laughlin,1939,1939,Forward,6-2,185,"December 10, 1915"
1173,NA,Rube Lautenschlager,1939,1947,Forward-Guard,6-3,190,"September 7, 1915"
1174,NA,Joe Leson,1939,1939,Forward,6-2,210,"August 24, 1912"
1175,NA,Slim Lonsdorf,1939,1939,Forward-Center,6-3,175,"March 22, 1905"
1176,NA,William McElligott,1939,1939,Center-Forward,6-2,180,NA
1177,NA,Mike McMichael,1939,1939,Guard,6-2,195,"July 4, 1915"
1178,NA,Ted Migdal,1939,1939,Forward,5-9,140,"February 14, 1918"
1179,NA,Johnny Moir,1939,1946,Forward-Center,6-2,184,"May 22, 1917"
1180,NA,Tommy Nisbet,1939,1943,Guard,5-10,165,"March 31, 1916"
1181,NA,Paul Nowak,1939,1942,Center,6-5,205,"March 15, 1914"
1182,NA,Vince Oliver,1939,1939,Guard,5-10,185,"December 28, 1915"
1183,NA,Bob Parsons,1939,1942,Forward-Guard,6-1,175,"June 11, 1915"
1184,NA,Squint Phares,1939,1939,Guard-Forward,5-10,NA,"December 31, 1915"
1185,NA,Bob Phillips,1939,1939,Guard,NA,NA,"April 8, 1917"
1186,NA,Johnny Posewitz,1939,1945,Guard,6-0,185,"August 9, 1906"
1187,NA,Scoop Posewitz,1939,1940,Guard,5-11,180,"September 12, 1908"
1188,NA,Lowis Proctor,1939,1939,Forward,6-2,230,"October 2, 1915"
1189,NA,Dave Quabius,1939,1943,Guard,6-0,185,"March 16, 1916"
1190,NA,Gene Rosenthal,1939,1939,Forward,5-11,175,"August 5, 1914"
1191,NA,Carl Roth,1939,1939,Guard-Forward,6-2,200,"September 15, 1909"
1192,NA,Rex Rudicel,1939,1939,Guard,5-6,150,"September 6, 1912"
1193,NA,Herm Schuessler,1939,1939,Center,6-8,210,"July 20, 1914"
1194,NA,Sicky,1939,1939,Guard,NA,NA,NA
1195,NA,Johnny Sines,1939,1942,Forward,6-1,190,"August 23, 1914"
1196,NA,Paul Sokody,1939,1943,Forward,6-2,170,"August 18, 1914"
1197,NA,Ed Spotovich,1939,1939,Forward-Center,6-2,190,"May 6, 1916"
1198,NA,Reno Strand,1939,1939,Guard-Forward,6-0,195,"May 14, 1909"
1199,NA,Kenny Suesens,1939,1949,Guard,6-1,175,"October 23, 1916"
1200,NA,Rip Terjesen,1939,1941,Forward-Center,6-4,185,"March 4, 1915"
1201,NA,Jack Thornton,1939,1942,Center-Forward,6-5,176,"August 31, 1914"
1202,NA,John Townsend,1939,1943,Center-Forward,6-4,208,"September 20, 1916"
1203,NA,Chub Watson,1939,1939,Center,6-2,197,"June 7, 1915"
1204,NA,Bob Weigandt,1939,1939,Guard,5-10,190,"February 5, 1914"
1205,NA,Bill Wendt,1939,1939,Forward,6-3,180,"March 20, 1915"
1206,NA,Willett,1939,1939,Forward,NA,NA,NA
1207,NA,Dave Williams,1939,1942,Center-Forward,6-3,210,"February 7, 1913"
1208,NA,Nick Yost,1939,1940,Forward-Center,6-4,220,"April 1, 1915"
1209,NA,Jewell Young,1939,1946,Guard-Forward,6-0,160,"January 18, 1913"
1210,NA,Stan Zadel,1939,1940,Forward-Center,6-5,215,"April 8, 1916"
1211,NA,Gene Anderson,1940,1942,Guard-Forward,6-2,190,"October 5, 1917"
1212,NA,Ernie Andres,1940,1948,Guard-Forward,6-1,200,"January 11, 1918"
1213,NA,Lou Barle,1940,1943,Forward,6-1,200,"June 23, 1916"
1214,NA,Buck Batterman,1940,1940,Forward,6-3,195,"April 1, 1918"
1215,NA,Connie Mack Berry,1940,1946,Forward-Center,6-3,210,"April 19, 1915"
1216,NA,Tony Carp,1940,1940,Forward,6-7,215,"March 2, 1911"
1217,NA,Chuck Chuckovits,1940,1942,Forward-Guard,6-1,175,"July 10, 1912"
1218,NA,Marv Colen,1940,1940,Guard,6-0,170,"March 8, 1915"
1219,NA,Gene Cramer,1940,1940,Center,6-1,195,"July 13, 1915"
1220,NA,Jim Currie,1940,1940,Guard-Forward,6-2,185,"December 15, 1916"
1221,NA,Harold Dembo,1940,1940,Forward,5-7,145,"December 24, 1915"
1222,NA,Wilbur Fox,1940,1940,Forward-Center,6-5,185,"January 19, 1919"
1223,1041,Nat Frankel,1940,1940,Forward-Guard,6-0,195,"November 3, 1913"
1224,NA,Laddie Gale,1940,1940,Forward,6-4,190,"April 22, 1917"
1225,NA,Pim Goff,1940,1941,Forward-Center,6-4,190,"May 13, 1912"
1226,1341,Dale Hamilton,1940,1949,Guard-Forward,6-0,180,"August 16, 1919"
1227,NA,Al Hanisko,1940,1940,NA,NA,NA,NA
1228,NA,Bob Hassmiller,1940,1942,Guard,6-1,185,"December 17, 1916"
1229,NA,Ray Hayes,1940,1940,Guard-Forward,6-0,180,"December 17, 1905"
1230,NA,Joel Hitt,1940,1940,Center-Forward,6-2,180,"December 30, 1916"
1231,NA,George Hogan,1940,1946,Guard-Forward,6-1,171,"April 12, 1915"
1232,NA,Darwin Hutchins,1940,1941,Center-Forward,6-6,195,"December 9, 1915"
1233,NA,Lou Jagnow,1940,1940,Guard,6-1,180,"July 31, 1910"
1234,NA,Elmer Johnson,1940,1941,Forward-Center,6-4,190,"January 23, 1910"
1235,1074,Wilbert Kautz,1940,1942,Guard-Forward,6-0,180,"September 7, 1915"
1236,NA,Buzz Knoblauch,1940,1940,Forward,6-1,170,"April 22, 1912"
1237,NA,Garland Lewis,1940,1940,Forward,6-4,190,"April 27, 1912"
1238,NA,Karl Lillge,1940,1940,Forward-Guard,6-0,170,"July 17, 1917"
1239,NA,Bill Lloyd,1940,1941,Guard-Forward,6-2,180,"December 16, 1915"
1240,NA,Bob MacLeod,1940,1940,Forward,6-0,190,"October 15, 1917"
1241,NA,Gordon McComb,1940,1940,Guard,5-10,160,"February 21, 1917"
1242,NA,Ward Meyers,1940,1940,Center,NA,NA,NA
1243,NA,Jim Montgomery,1940,1941,Forward-Center,6-3,190,"April 13, 1915"
1244,NA,Tex Mueller,1940,1943,Guard,6-1,175,"July 29, 1916"
1245,NA,Jake Nagode,1940,1941,Forward-Guard,6-2,170,"July 11, 1915"
1246,NA,Bobby Neu,1940,1946,Guard-Forward,6-1,175,"June 28, 1917"
1247,1262,Mike Novak,1940,1948,Center-Forward,6-9,219,"April 23, 1915"
1248,NA,Tommy O'Brien,1940,1941,Guard-Forward,5-8,165,"February 16, 1916"
1249,NA,Sonny Olson,1940,1940,Forward,6-0,165,"November 2, 1917"
1250,NA,Bernie Opper,1940,1941,Guard,6-0,185,"September 1, 1915"
1251,NA,Eddie Oram,1940,1948,Forward-Guard,6-3,175,"October 5, 1914"
1252,NA,Eddie Parry,1940,1947,Forward-Guard,6-2,175,"January 29, 1918"
1253,NA,Pete Pederson,1940,1942,Forward-Center,6-4,200,"October 28, 1910"
1254,NA,Willie Phillips,1940,1940,Guard-Forward,5-8,175,NA
1255,NA,Scoop Putnam,1940,1942,Guard-Forward,6-0,175,"September 8, 1912"
1256,NA,Rube Reiswerg,1940,1940,Guard,5-8,175,"August 10, 1912"
1257,NA,Riskind,1940,1940,Guard,NA,NA,NA
1258,NA,Eddie Sadowski,1940,1946,Guard,5-10,175,"February 2, 1915"
1259,NA,Harry Sorensen,1940,1941,Center-Forward,6-4,200,"March 27, 1914"
1260,NA,Joe Spudic,1940,1940,Forward,6-4,210,"October 24, 1912"
1261,NA,Ben Stephens,1940,1942,Guard-Forward,6-0,175,"November 27, 1916"
1262,NA,Marv Stout,1940,1940,Guard,5-11,155,"August 6, 1915"
1263,NA,Sally Suddith,1940,1940,Guard,6-1,170,"December 26, 1910"
1264,NA,Duane Swanson,1940,1940,Guard-Forward,6-1,185,"August 12, 1913"
1265,NA,Hale Swanson,1940,1940,Guard-Forward,6-3,200,"September 6, 1914"
1266,NA,Homer Thompson,1940,1947,Forward-Center,6-4,215,"January 18, 1916"
1267,1154,Irv Torgoff,1940,1940,Forward,6-2,192,"March 6, 1917"
1268,NA,Howard Vocke,1940,1942,Guard,6-3,190,"March 16, 1915"
1269,1838,George Wilson,1940,1940,Forward,6-1,190,"February 3, 1914"
1270,NA,Slim Wintermute,1940,1940,Center,6-8,200,"July 9, 1917"
1271,NA,Tom Wukovits,1940,1946,Guard,5-11,165,"February 4, 1916"
1272,NA,Jake Ahearn,1941,1941,Guard,6-2,185,"January 6, 1918"
1273,NA,Ralph Amsden,1941,1941,Center,6-4,200,"January 1, 1917"
1274,NA,Art Anderson,1941,1941,Center,6-6,190,"July 1, 1916"
1275,NA,Herb Ball,1941,1941,Forward-Guard,6-2,195,"July 27, 1918"
1276,NA,Bill Behr,1941,1941,Guard,6-2,190,"July 7, 1919"
1277,NA,Emil Benko,1941,1941,Guard,NA,NA,"November 9, 1913"
1278,NA,Al Benson,1941,1941,Center,6-6,220,NA
1279,NA,Fred Beretta,1941,1941,Guard,5-11,160,"January 24, 1917"
1280,NA,Wink Bowman,1941,1941,Guard,NA,NA,"January 22, 1916"
1281,NA,Jim Brown,1941,1941,Guard-Forward,6-1,190,"June 13, 1912"
1282,NA,Bob Calihan,1941,1949,Forward-Guard,6-3,200,"August 2, 1918"
1283,1309,Bob Carpenter,1941,1949,Forward-Center,6-5,200,"November 6, 1917"
1284,1029,Bob Dille,1941,1941,Forward,6-3,190,"July 2, 1917"
1285,NA,Paul DuCharme,1941,1941,Guard,5-11,160,"August 27, 1917"
1286,NA,Dick Evans,1941,1943,Forward-Center,6-3,200,"May 31, 1917"
1287,NA,Ted Falda,1941,1941,Guard,6-0,180,"January 2, 1920"
1288,NA,Adam Filipczak,1941,1941,Guard,5-10,170,"February 12, 1915"
1289,NA,Bill Hapac,1941,1948,Forward-Guard,6-2,188,"January 26, 1918"
1290,NA,Pete Hecomovich,1941,1941,Guard,6-4,205,"June 13, 1918"
1291,NA,Jim Higgins,1941,1941,Center,6-8,220,"December 25, 1918"
1292,NA,Marv Huffman,1941,1941,Forward,6-2,185,"March 14, 1917"
1293,NA,Jack Jennings,1941,1941,Center-Forward,6-6,195,"April 2, 1918"
1294,NA,Splinter Johnson,1941,1941,Forward-Center,6-3,190,"June 16, 1920"
1295,NA,Bill Lane,1941,1941,Forward-Center,6-4,220,"November 2, 1916"
1296,NA,Bill McDonald,1941,1948,Guard-Forward,6-3,190,"November 5, 1916"
1297,NA,Bill O'Brien,1941,1941,Forward,6-4,185,"November 13, 1917"
1298,NA,Tom O'Toole,1941,1941,Center,6-4,NA,"May 14, 1913"
1299,NA,Page,1941,1941,Guard,NA,NA,NA
1300,1266,Jake Pelkington,1941,1948,Center-Forward,6-6,220,"January 3, 1916"
1301,NA,Jack Piana,1941,1941,Forward,6-2,190,"August 6, 1918"
1302,NA,Erv Prasse,1941,1946,Guard-Forward,6-2,190,"December 1, 1917"
1303,NA,Paul Price,1941,1941,Forward,5-8,175,NA
1304,NA,Jule Rivlin,1941,1948,Guard,5-11,160,"February 2, 1917"
1305,NA,Clem Ruh,1941,1941,Guard,5-10,165,"October 31, 1915"
1306,1130,Ed Sadowski,1941,1946,Center,6-5,240,"July 11, 1917"
1307,NA,Rusty Saunders,1941,1946,Forward-Center,6-3,205,"March 12, 1906"
1308,NA,Steve Sitko,1941,1945,Guard,6-0,185,"November 18, 1917"
1309,NA,Bill Sumerix,1941,1941,Guard,6-4,220,"February 11, 1912"
1310,NA,Stan Szukala,1941,1947,Guard,6-0,175,"June 12, 1918"
1311,NA,Chet Tollstam,1941,1941,Forward-Center,6-2,180,"September 23, 1918"
1312,NA,Ralph Vaughn,1941,1947,Guard-Forward,6-1,175,"February 12, 1918"
1313,NA,John Wiggers,1941,1941,Center,6-9,200,"August 6, 1917"
1314,NA,Al Alvarez,1942,1942,Guard,6-0,160,"October 5, 1912"
1315,1202,Curly Armstrong,1942,1948,Guard-Forward,5-11,170,"November 1, 1918"
1316,NA,Don Beery,1942,1942,Guard,6-0,180,"February 23, 1920"
1317,NA,Blackie Blacklidge,1942,1942,Forward,6-3,185,"March 19, 1920"
1318,NA,Gene Brownell,1942,1944,Center,6-6,235,"November 4, 1917"
1319,NA,Rudy Debnar,1942,1946,Guard,5-11,160,"May 9, 1916"
1320,NA,Bob Dietz,1942,1948,Guard-Forward,6-1,164,"December 4, 1917"
1321,NA,John Drish,1942,1942,Forward,NA,NA,"October 3, 1920"
1322,NA,Bob Dro,1942,1942,Guard-Forward,6-0,190,"October 12, 1918"
1323,NA,Gran Edwards,1942,1942,Guard,6-6,185,"March 24, 1918"
1324,NA,Tommy Edwards,1942,1942,Forward,5-10,170,"January 14, 1911"
1325,NA,Harry Eich,1942,1942,Forward,NA,NA,"January 6, 1916"
1326,NA,Don Elser,1942,1942,Forward-Center,6-4,220,"August 4, 1913"
1327,NA,Bud Engdahl,1942,1946,Guard,6-1,210,"July 2, 1918"
1328,1326,Gene Englund,1942,1949,Forward-Center,6-5,205,"October 21, 1917"
1329,NA,Charlie Epperson,1942,1946,Forward-Guard,6-2,180,"June 16, 1919"
1330,NA,Eddie Erban,1942,1947,Forward-Center,6-4,220,"July 6, 1921"
1331,NA,Mark Ertel,1942,1942,Center-Forward,6-4,196,"February 26, 1919"
1332,1170,Elmer Gainer,1942,1949,Forward-Center,6-6,195,NA
1333,1227,George Glamack,1942,1949,Center-Forward,6-6,225,"June 7, 1918"
1334,NA,Ken Griffith,1942,1942,Guard,6-2,195,"July 31, 1918"
1335,NA,Pat Hintz,1942,1943,Guard,6-0,175,"February 4, 1914"
1336,NA,Lee Huber,1942,1942,Guard,6-1,180,"February 6, 1919"
1337,NA,Harold Hull,1942,1942,Forward,6-4,190,"May 16, 1920"
1338,NA,Jack Keller,1942,1943,Forward-Guard,6-2,185,"June 22, 1922"
1339,NA,Bill Komenich,1942,1945,Forward-Guard,6-3,210,"July 1, 1916"
1340,NA,Paul Maki,1942,1942,Guard,6-1,175,"February 1, 1918"
1341,NA,Bobby McDermott,1942,1949,Guard,5-11,180,"January 7, 1914"
1342,NA,Morris,1942,1942,Center-Forward,NA,NA,NA
1343,NA,George Morse,1942,1942,Forward-Guard,6-1,NA,"April 11, 1920"
1344,NA,George Nelmark,1942,1948,Guard,6-1,180,"May 9, 1917"
1345,NA,Woody Norris,1942,1948,Forward-Guard,6-1,170,"June 18, 1919"
1346,NA,Jack O'Brien,1942,1942,Guard,6-1,180,"July 25, 1916"
1347,NA,Red Oberbruner,1942,1942,Forward-Guard,5-11,175,"October 5, 1918"
1348,NA,Lou Possner,1942,1947,Forward-Center,6-3,180,"August 11, 1917"
1349,NA,Jim Rae,1942,1942,Center,6-4,200,"October 7, 1917"
1350,1392,George Ratkovicz,1942,1949,Center-Forward,6-6,220,"November 13, 1922"
1351,NA,Eddie Riska,1942,1949,Guard-Forward,6-0,175,"October 4, 1919"
1352,NA,Eddie Sachs,1942,1942,Guard,6-2,175,"February 11, 1918"
1353,1276,Herm Schaefer,1942,1948,Guard-Forward,6-0,175,"December 20, 1918"
1354,NA,Benny Schall,1942,1947,Forward,5-11,170,"December 8, 1917"
1355,NA,Ted Strain,1942,1942,Guard,6-0,155,"March 1, 1917"
1356,NA,Bill Thompson,1942,1942,Guard-Forward,6-1,190,"February 21, 1920"
1357,1288,Blackie Towery,1942,1948,Forward-Center,6-4,210,"June 20, 1920"
1358,NA,Paul Wallace,1942,1942,Guard,NA,NA,NA
1359,NA,Abe Yourist,1942,1942,Center,6-2,210,"September 9, 1909"
1360,NA,Babe Ziegenhorn,1942,1946,Guard-Forward,6-0,185,"November 21, 1918"
1361,NA,Neal Adams,1943,1943,Forward-Center,6-3,195,"January 21, 1919"
1362,NA,Bob Alwin,1943,1943,Guard,5-10,145,"August 12, 1920"
1363,NA,Shannie Barnett,1943,1943,Forward-Center,6-3,175,"February 8, 1919"
1364,NA,Sonny Boswell,1943,1943,Guard,6-1,180,"May 19, 1919"
1365,NA,Hillery Brown,1943,1943,Forward-Guard,6-3,190,"July 30, 1912"
1366,NA,Ken Buehler,1943,1947,Forward-Center,6-2,180,"November 19, 1919"
1367,NA,Duke Cumberland,1943,1943,Forward,6-2,189,"November 20, 1915"
1368,NA,Gus Doerner,1943,1947,Forward,6-2,195,"February 27, 1922"
1369,NA,Bob Gerber,1943,1948,Center-Forward,6-5,218,"August 1, 1916"
1370,NA,Cortez Gray,1943,1943,Forward-Center,6-5,185,"March 7, 1916"
1371,NA,Roosie Hudson,1943,1943,Guard,6-0,160,"July 15, 1915"
1372,NA,George Jablonski,1943,1943,Center,6-7,215,"July 18, 1919"
1373,NA,Al Johnson,1943,1943,Forward,6-3,210,"August 20, 1913"
1374,NA,Casey Jones,1943,1943,Guard,6-2,175,"June 14, 1915"
1375,NA,Billy Jones,1943,1943,Forward,6-0,185,"February 3, 1914"
1376,NA,Bob Kramer,1943,1947,Guard-Forward,6-3,185,"April 23, 1922"
1377,NA,Ray Krzoska,1943,1945,Guard,6-2,190,"October 28, 1918"
1378,1080,Pete Lalich,1943,1946,Forward,6-2,190,"June 23, 1920"
1379,NA,Gene Lorendo,1943,1943,Forward,6-3,215,"December 7, 1921"
1380,NA,Joel Mason,1943,1943,Guard,6-0,195,"March 12, 1912"
1381,NA,Fred Nimz,1943,1943,Center-Forward,6-3,200,"April 22, 1914"
1382,1380,Johnny Orr,1943,1946,Guard,5-11,180,"June 4, 1918"
1383,NA,Tony Peyton,1943,1943,Forward-Guard,6-2,200,"March 3, 1921"
1384,NA,Al Price,1943,1943,Guard,6-0,180,"September 8, 1917"
1385,NA,Bernie Price,1943,1943,Forward-Center,6-3,180,"September 20, 1915"
1386,NA,Bob Regh,1943,1944,Guard-Forward,6-2,NA,"October 11, 1912"
1387,NA,Warren Schrage,1943,1943,Forward-Center,6-5,190,"July 30, 1920"
1388,1135,Dick Schulz,1943,1946,Forward-Guard,6-2,192,"January 3, 1917"
1389,NA,Bob Schwartz,1943,1943,Forward,6-3,175,"January 14, 1919"
1390,1281,Don Smith,1943,1948,Guard-Forward,6-2,190,"July 27, 1920"
1391,NA,Ted Strong,1943,1943,Forward-Center,6-3,210,"January 2, 1914"
1392,NA,Zano Wast,1943,1943,Forward,6-2,175,"August 20, 1916"
1393,NA,Hal Cihlar,1944,1944,Forward-Center,6-5,210,"July 16, 1914"
1394,NA,Harold Dahl,1944,1944,Forward,5-9,190,"October 19, 1923"
1395,1033,Ned Endress,1944,1946,Forward-Guard,6-2,200,"March 2, 1918"
1396,NA,Gordon Flick,1944,1949,Forward-Center,6-3,200,"August 13, 1921"
1397,NA,Frank Garcia,1944,1946,Guard-Forward,6-0,175,NA
1398,NA,Ed Glancy,1944,1944,Guard-Forward,6-3,180,"January 13, 1917"
1399,1059,Kleggie Hermsen,1944,1946,Center-Forward,6-9,225,"March 12, 1923"
1400,NA,Tony Kelly,1944,1946,Guard,6-1,165,"February 18, 1919"
1401,NA,Vito Kubilus,1944,1944,Guard,6-1,180,"June 29, 1914"
1402,NA,Leo Osiewalski,1944,1944,Forward,6-4,190,"September 25, 1921"
1403,NA,Eric Plahn,1944,1944,Guard-Forward,5-11,155,"July 25, 1919"
1404,NA,John Poncar,1944,1944,Center-Forward,6-3,190,"October 16, 1913"
1405,1189,Chick Reiser,1944,1947,Guard-Forward,5-11,165,"December 17, 1914"
1406,1123,Mel Riebe,1944,1946,Guard-Forward,5-11,180,"July 12, 1916"
1407,NA,Bill Riebe,1944,1946,Guard,5-11,175,"August 15, 1917"
1408,NA,Frank Sachse,1944,1945,Guard,6-0,197,"July 24, 1917"
1409,NA,Ed Scheiwe,1944,1945,Guard-Forward,5-11,170,"February 25, 1918"
1410,2723,Willie Smith,1944,1949,Center,6-5,230,"April 22, 1911"
1411,NA,Bob Sullivan,1944,1948,Guard-Forward,6-0,180,"July 1, 1921"
1412,NA,Willard Swihart,1944,1944,Forward-Center,6-3,190,"August 25, 1914"
1413,NA,Ray Terzynski,1944,1946,Forward,6-1,180,"November 27, 1919"
1414,1411,Clint Wager,1944,1949,Center-Forward,6-6,210,"January 20, 1920"
1415,NA,William Ash,1945,1945,NA,NA,NA,NA
1416,NA,Tom Becker,1945,1945,Forward,6-1,180,"May 17, 1923"
1417,NA,Irv Brenner,1945,1947,Center-Forward,6-4,200,"May 30, 1913"
1418,1015,Michael Bytzura,1945,1946,Forward,6-1,170,"June 18, 1922"
1419,NA,Ralph Churchfield,1945,1945,Guard-Forward,6-5,220,"January 1, 1918"
1420,NA,Freddie Crum,1945,1945,Guard-Forward,6-0,170,"December 3, 1912"
1421,NA,Bill Durkin,1945,1945,Guard,6-1,160,"April 22, 1922"
1422,NA,Hank Evans,1945,1945,Forward-Center,6-3,195,"December 6, 1914"
1423,NA,Ted Fritsch,1945,1947,Guard,5-10,210,"October 31, 1920"
1424,NA,Homer Fuller,1945,1945,Guard-Forward,6-3,220,"January 9, 1920"
1425,NA,Jim Glass,1945,1945,Center,6-8,210,"September 10, 1919"
1426,NA,George Haines,1945,1945,Forward-Guard,5-10,160,"August 2, 1921"
1427,NA,Huck Hartman,1945,1946,Center,6-7,210,"October 23, 1920"
1428,1172,Nat Hickey,1945,1948,Guard-Forward,5-11,180,"January 30, 1902"
1429,NA,Howie Hoffman,1945,1947,Guard-Forward,6-4,195,"December 4, 1921"
1430,NA,Bob Holm,1945,1949,Guard,6-0,200,"January 22, 1919"
1431,NA,Paul Kessy,1945,1945,Forward-Center,6-3,170,"May 17, 1915"
1432,NA,Sid Levine,1945,1945,Guard,5-7,185,"July 9, 1918"
1433,1249,Al Lucas,1945,1948,Forward-Guard,6-3,195,"July 4, 1922"
1434,NA,Johnny Malokas,1945,1946,Guard,5-11,195,"August 1, 1916"
1435,1101,John Mills,1945,1946,Center-Forward,6-8,203,"September 7, 1919"
1436,NA,Al Moschetti,1945,1945,Forward,6-1,180,"January 1, 1920"
1437,NA,John Novotny,1945,1945,Guard,5-10,165,"January 29, 1918"
1438,NA,Frank Otway,1945,1945,Forward,6-4,205,"March 1, 1923"
1439,NA,Pete Pasko,1945,1946,Forward,6-2,190,"September 19, 1919"
1440,1386,Stan Patrick,1945,1949,Forward-Guard,6-2,185,"May 5, 1922"
1441,NA,Joe Proksa,1945,1945,Guard,6-1,185,"June 30, 1914"
1442,NA,Swede Roos,1945,1945,Guard-Forward,6-1,180,"August 8, 1913"
1443,NA,Jack Scarry,1945,1945,Forward-Center,6-3,195,"May 29, 1917"
1444,NA,Al Schrecker,1945,1945,Forward,6-1,160,"July 23, 1917"
1445,NA,Chuck Shanklin,1945,1945,Guard,5-11,175,"September 3, 1921"
1446,NA,Joe Stampf,1945,1945,Center-Forward,NA,NA,"December 16, 1919"
1447,NA,Johnny Stevenson,1945,1945,Guard,5-10,195,"May 25, 1913"
1448,NA,Chet Strumillo,1945,1945,Forward,5-11,175,"May 28, 1924"
1449,NA,John Styler,1945,1946,Forward-Center,6-6,225,"October 19, 1923"
1450,NA,Bob Synnott,1945,1947,Forward-Center,6-3,190,"September 27, 1912"
1451,1285,Hal Tidrick,1945,1948,Forward-Guard,6-1,190,"August 4, 1915"
1452,1289,Dick Triptow,1945,1948,Guard-Forward,6-0,170,"November 3, 1922"
1453,NA,Joe Urso,1945,1946,Guard,5-10,170,"September 17, 1916"
1454,NA,Matt Vaniel,1945,1945,Forward,6-3,170,"November 14, 1981"
1455,NA,Frank Vukosic,1945,1945,Guard-Forward,6-0,170,"April 8, 1915"
1456,NA,Don Warnke,1945,1946,Center,6-9,215,"April 8, 1920"
1457,NA,Herm Weiss,1945,1945,Guard,6-0,180,"July 22, 1916"
1458,1609,Bob Armstrong,1946,1946,Forward,6-1,180,"June 11, 1920"
1459,NA,Carl Baer,1946,1946,Center,6-5,NA,"February 26, 1918"
1460,NA,Bob Baker,1946,1946,Guard,5-11,160,"February 24, 1919"
1461,1006,Frankie Baumholtz,1946,1946,Guard,5-10,170,"October 7, 1918"
1462,1007,Moe Becker,1946,1946,Guard-Forward,6-1,185,"February 24, 1917"
1463,NA,Ray Bellingham,1946,1946,Center,6-8,200,"October 29, 1916"
1464,NA,Bruce Boehler,1946,1946,Guard,5-11,195,"July 8, 1917"
1465,1208,Bob Brown,1946,1946,Forward-Center,6-7,NA,"February 20, 1921"
1466,NA,Marshall Brown,1946,1946,Forward,6-3,170,"June 28, 1918"
1467,NA,Charlie Butler,1946,1947,Forward-Guard,6-2,165,"August 15, 1920"
1468,1021,Chuck Connors,1946,1946,Forward-Center,6-5,190,"April 10, 1921"
1469,1216,Bob Davies,1946,1948,Guard-Forward,6-1,175,"January 15, 1920"
1470,1036,Bob Feerick,1946,1946,Forward-Guard,6-3,190,"January 2, 1920"
1471,NA,George Fields,1946,1946,Forward-Center,5-11,170,"July 9, 1921"
1472,1038,Bob Fitzgerald,1946,1948,Forward-Center,6-5,190,"March 14, 1923"
1473,NA,Chet Francis,1946,1946,Forward,6-2,180,"May 1, 1918"
1474,1169,Herm Fuetsch,1946,1946,Guard,6-0,170,"July 6, 1918"
1475,1047,Jack Garfinkel,1946,1947,Guard,6-0,190,"June 13, 1918"
1476,1051,Pop Goodwin,1946,1946,Forward-Center,6-2,203,"December 22, 1920"
1477,NA,Otto Graham,1946,1946,Forward-Guard,6-1,190,"December 6, 1921"
1478,NA,Al Grenert,1946,1948,Forward-Guard,6-0,190,"July 8, 1919"
1479,NA,Don Harvey,1946,1946,Guard-Forward,5-11,180,"July 29, 1920"
1480,NA,Bob Henshaw,1946,1946,Forward,6-0,180,"September 15, 1918"
1481,1234,Red Holzman,1946,1948,Guard,5-10,175,"August 10, 1920"
1482,1064,Roy Hurley,1946,1948,Forward-Guard,6-2,170,"August 12, 1922"
1483,NA,Larry Kenney,1946,1946,Center,6-1,165,"June 13, 1920"
1484,1241,Bob Kinney,1946,1948,Center-Forward,6-6,215,"September 16, 1920"
1485,NA,Dick Klein,1946,1946,Center-Forward,6-3,215,"September 16, 1920"
1486,NA,Johnny Kotz,1946,1946,Forward,6-3,200,"March 27, 1919"
1487,NA,Nick Lalich,1946,1946,Guard,6-2,220,"May 8, 1916"
1488,NA,Dick Lange,1946,1946,Forward,NA,NA,"June 3, 1921"
1489,1247,Andrew Levane,1946,1948,Forward-Guard,6-2,190,"April 11, 1920"
1490,NA,Ed Lewinski,1946,1949,Forward-Center,6-4,210,"September 10, 1918"
1491,1085,John Mahnken,1946,1946,Center,6-8,220,"June 16, 1922"
1492,1087,Press Maravich,1946,1946,Guard,6-0,185,"August 20, 1920"
1493,NA,Paul McCall,1946,1946,Forward,6-2,195,"October 10, 1920"
1494,1092,Howie McCarty,1946,1947,Forward-Guard,6-2,190,NA
1495,1102,Leo Mogus,1946,1946,Forward-Center,6-4,190,"April 13, 1921"
1496,1109,Al Negratti,1946,1947,Forward-Center,6-3,200,"June 12, 1921"
1497,NA,Oren Nichols,1946,1946,Guard,6-3,185,"May 7, 1918"
1498,1112,Stan Noszka,1946,1946,Guard,6-1,185,"September 9, 1920"
1499,1113,Buddy O'Grady,1946,1946,Guard,5-11,160,"January 19, 1920"
1500,NA,Bud O'Rourke,1946,1946,Forward,6-4,170,"January 14, 1919"
1501,NA,Jack Oberst,1946,1946,Forward,5-11,175,"August 11, 1918"
1502,NA,Jim Olsen,1946,1946,Center-Forward,6-6,205,"June 2, 1921"
1503,NA,Fred Rehm,1946,1948,Guard,6-3,195,"May 18, 1921"
1504,1122,Bob Rensberger,1946,1946,Forward,6-2,170,"March 7, 1921"
1505,NA,Del Rice,1946,1946,Forward,6-2,190,"October 27, 1922"
1506,NA,Tom Rich,1946,1946,Forward,6-3,185,"April 26, 1916"
1507,1272,Arnie Risen,1946,1948,Center-Forward,6-9,200,"October 9, 1924"
1508,1127,Mickey Rottner,1946,1946,Guard,5-10,180,"March 23, 1919"
1509,NA,Mel Rush,1946,1946,Guard,6-0,170,"May 27, 1916"
1510,NA,Wilbur Schumacher,1946,1946,Forward,5-11,150,"March 6, 1920"
1511,NA,Joe Scott,1946,1946,Center-Forward,6-2,170,"April 22, 1916"
1512,NA,Steve Sharkey,1946,1948,Guard-Forward,6-0,190,"December 30, 1918"
1513,NA,Bob Shaw,1946,1947,Center-Forward,6-4,225,"May 22, 1921"
1514,1405,Chips Sobek,1946,1949,Guard-Forward,6-0,180,"February 10, 1920"
1515,NA,Jerry Steiner,1946,1947,Guard,5-7,160,"January 7, 1918"
1516,NA,Dave Strack,1946,1946,Guard,6-0,175,"March 23, 1923"
1517,1287,Bob Tough,1946,1948,Guard-Forward,6-0,185,"August 28, 1920"
1518,NA,Bernie Voorheis,1946,1946,Guard,5-10,150,"May 23, 1922"
1519,1158,Jake Weber,1946,1946,Center,6-6,225,"March 18, 1918"
1520,NA,Paul Widowitz,1946,1946,Forward,6-1,170,"October 8, 1917"
1521,NA,Doc Wright,1946,1946,Guard,6-3,175,"January 8, 1921"
1522,NA,Paul Anthony,1947,1948,Center-Forward,6-5,195,"January 23, 1924"
1523,NA,Frank Beaty,1947,1947,Forward,6-2,205,"May 23, 1919"
1524,NA,Johnny Bianco,1947,1947,Center,6-4,195,"February 20, 1920"
1525,NA,Bob Bolyard,1947,1949,Guard-Forward,6-0,182,"December 4, 1920"
1526,NA,John Bosak,1947,1947,Guard,6-3,185,"September 9, 1922"
1527,1207,Price Brookfield,1947,1948,Forward-Guard,6-4,185,"May 11, 1920"
1528,NA,Fred Campbell,1947,1949,Guard,5-11,175,"August 8, 1920"
1529,1312,John Chaney,1947,1949,Forward-Center,6-3,185,"February 29, 1920"
1530,1314,Bill Closs,1947,1949,Forward-Center,6-5,195,"January 8, 1922"
1531,NA,Jimmy Cominsky,1947,1947,Guard,6-2,185,"July 28, 1918"
1532,NA,Ed Costain,1947,1947,Guard,6-0,170,"November 4, 1923"
1533,NA,Weyman Cotton,1947,1947,Forward-Center,6-7,205,"December 29, 1920"
1534,NA,Bill Coven,1947,1947,Forward-Center,6-7,220,"February 16, 1920"
1535,NA,Walt Czarnecki,1947,1947,Forward,6-5,215,"April 27, 1916"
1536,NA,Jamie Dawson,1947,1947,Center-Forward,6-7,210,"July 9, 1922"
1537,NA,Whitey Dienelt,1947,1947,Guard,6-0,185,"April 28, 1921"
1538,NA,Jack Dugger,1947,1947,Forward-Center,6-3,225,"January 13, 1923"
1539,NA,Bob Dykstra,1947,1948,Center,6-9,230,"May 31, 1922"
1540,NA,Ken Exel,1947,1948,Guard,6-1,178,"September 12, 1920"
1541,NA,Bill Farrow,1947,1949,Center,6-4,198,"June 15, 1918"
1542,NA,Dick Furey,1947,1948,Forward-Guard,6-3,195,"March 8, 1925"
1543,NA,Lowell Galloway,1947,1947,Forward-Center,6-4,210,"July 7, 1921"
1544,NA,Ben Gardner,1947,1947,Center-Forward,6-3,190,"October 18, 1919"
1545,1331,Frank Gates,1947,1949,Guard,6-0,160,"April 12, 1920"
1546,NA,Pop,1947,1949,Forward-Guard,6-2,196,"August 30, 1917"
1547,NA,Bob Gauchat,1947,1947,Guard,6-0,180,"March 5, 1921"
1548,NA,Johnny Gee,1947,1947,Center-Forward,6-9,225,"December 7, 1915"
1549,NA,Jim Gibbs,1947,1948,Center-Forward,6-5,195,"August 19, 1913"
1550,NA,Frankie Gilhooley,1947,1947,Guard,5-11,180,"June 15, 1924"
1551,NA,Nick Grunzweig,1947,1947,Forward-Center,6-5,215,"July 21, 1918"
1552,1229,Bruce Hale,1947,1948,Guard-Forward,6-1,170,"August 30, 1918"
1553,NA,Luther Harris,1947,1949,Forward-Guard,6-3,195,"August 27, 1923"
1554,1346,Billy Hassett,1947,1949,Guard,5-11,180,"October 21, 1921"
1555,NA,Chuck Hawley,1947,1947,Guard-Forward,6-3,195,"April 3, 1915"
1556,NA,Curt Henderson,1947,1947,Guard,5-8,150,"January 27, 1917"
1557,NA,Paul Herman,1947,1948,Guard,6-1,175,"July 5, 1921"
1558,NA,Mort Hill,1947,1947,Guard,6-1,175,"October 24, 1922"
1559,NA,Charlie Joachim,1947,1948,Guard-Forward,6-2,184,"July 21, 1920"
1560,1236,Arnie Johnson,1947,1948,Forward-Center,6-5,236,"May 16, 1920"
1561,NA,Paul Juntunen,1947,1949,Guard-Forward,6-1,180,"February 13, 1921"
1562,NA,Dolly King,1947,1949,Center-Forward,6-4,217,"November 15, 1916"
1563,NA,Willie King,1947,1947,Guard,5-7,155,NA
1564,1243,Leo Klier,1947,1948,Forward-Guard,6-2,170,"May 21, 1923"
1565,1355,Milo Komenich,1947,1949,Forward-Center,6-7,212,"June 22, 1920"
1566,NA,Dave Latter,1947,1949,Center-Forward,6-6,210,"January 5, 1922"
1567,1248,Freddie Lewis,1947,1948,Forward-Guard,6-2,195,"January 6, 1921"
1568,NA,Sam Lieberman,1947,1947,Center,6-8,240,"September 20, 1921"
1569,NA,Del Loranger,1947,1949,Forward-Guard,6-3,175,"March 17, 1920"
1570,1251,Jack Maddox,1947,1949,Forward-Guard,6-3,185,"December 10, 1919"
1571,NA,Bill McCahan,1947,1947,Guard-Forward,5-11,200,"June 7, 1921"
1572,NA,Chick Meehan,1947,1948,Forward-Guard,6-1,195,"January 9, 1917"
1573,NA,Bernie Mehen,1947,1948,Forward-Center,6-4,185,"September 19, 1918"
1574,NA,Frank Mekules,1947,1947,Forward,6-4,218,"November 16, 1918"
1575,NA,Tom Meyer,1947,1947,Forward-Center,6-4,215,"November 6, 1922"
1576,1097,Red Mihalik,1947,1947,Guard,6-0,180,"September 22, 1916"
1577,1256,George Mikan,1947,1948,Center,6-10,245,"June 18, 1924"
1578,NA,Jack Mills,1947,1947,Forward-Center,6-4,210,"May 8, 1918"
1579,NA,Ed Moeller,1947,1947,Guard,6-0,175,"January 8, 1919"
1580,NA,John Moiseichik,1947,1947,Guard,5-11,180,"June 5, 1920"
1581,NA,Dale Morey,1947,1947,Guard-Forward,6-1,180,"December 1, 1918"
1582,1373,Max Morris,1947,1949,Forward-Center,6-2,195,"March 14, 1925"
1583,NA,Pete Mount,1947,1947,Forward,6-4,185,"March 10, 1925"
1584,NA,Lyle Neat,1947,1947,Guard,6-0,180,"September 29, 1916"
1585,1261,Richie Niemiera,1947,1948,Guard-Forward,6-1,165,"May 26, 1921"
1586,NA,Irv Noren,1947,1947,Forward,6-0,180,"November 29, 1924"
1587,NA,Bob Nugent,1947,1947,Guard,5-11,170,"September 18, 1915"
1588,NA,Connie O'Connor,1947,1947,Forward,6-1,190,"February 21, 1923"
1589,1381,Don Otten,1947,1949,Center,6-10,240,"April 18, 1921"
1590,NA,Joe Patanelli,1947,1948,Forward,6-3,205,"September 18, 1919"
1591,NA,Charles Perry,1947,1947,Guard,NA,NA,"April 6, 1921"
1592,NA,Jim Quinlan,1947,1947,Forward,6-4,205,"May 29, 1922"
1593,1270,Howie Rader,1947,1948,Guard-Forward,6-1,190,"March 29, 1921"
1594,NA,Lenny Rader,1947,1949,Guard-Forward,6-2,185,"March 29, 1921"
1595,NA,Billy Reed,1947,1947,Forward,5-11,185,"November 12, 1922"
1596,NA,Jerry Rizzo,1947,1949,Guard,5-8,150,"March 12, 1918"
1597,NA,Pat Rooney,1947,1947,Forward-Guard,6-3,190,NA
1598,NA,Les Rothman,1947,1947,Forward-Guard,6-1,195,"August 12, 1926"
1599,NA,Frank Sabo,1947,1947,Guard,6-1,190,"April 10, 1922"
1600,NA,Bill Sattler,1947,1948,Center,6-8,197,"August 9, 1916"
1601,NA,Herb Scheffler,1947,1947,Center-Forward,6-3,210,"November 5, 1917"
1602,NA,Johnny Schick,1947,1948,Center-Forward,6-6,230,"January 6, 1916"
1603,NA,Bill Schroeder,1947,1947,Guard-Forward,6-0,190,"April 11, 1923"
1604,NA,Wilbur Schu,1947,1947,Forward-Guard,6-3,190,"December 18, 1922"
1605,1399,Howie Schultz,1947,1949,Center-Forward,6-6,200,"July 3, 1922"
1606,1402,Rollie Seltz,1947,1949,Guard-Forward,5-10,165,"January 25, 1924"
1607,1195,Paul Seymour,1947,1949,Guard-Forward,6-1,180,"January 30, 1928"
1608,NA,Bob Shaddock,1947,1947,Guard,6-1,160,"November 15, 1920"
1609,NA,Frank Shannon,1947,1947,Guard,5-11,178,"November 25, 1917"
1610,NA,Vic Siegel,1947,1947,Guard,5-10,160,"August 24, 1920"
1611,1746,Bob Sims,1947,1947,Center-Forward,6-6,220,"July 3, 1915"
1612,NA,Emil Sotnyk,1947,1947,Forward-Guard,5-11,170,"August 21, 1921"
1613,1406,Ed Stanczak,1947,1949,Forward,6-1,185,"August 15, 1921"
1614,NA,Deacon Stanky,1947,1947,Guard,6-3,200,"February 24, 1911"
1615,NA,Dick Starzyk,1947,1947,Guard,5-10,180,"March 1, 1921"
1616,NA,Art Stoefen,1947,1947,Center-Forward,6-7,215,"August 29, 1914"
1617,1198,Mel Thurston,1947,1948,Guard,6-0,175,"January 16, 1919"
1618,NA,Milt Ticco,1947,1948,Forward-Guard,6-3,205,"September 22, 1922"
1619,NA,Vaughn Waddell,1947,1947,Guard,6-0,175,"September 29, 1910"
1620,NA,Stan Waxman,1947,1947,Guard,5-11,180,"May 20, 1922"
1621,NA,Dean White,1947,1947,Forward,6-7,220,"May 30, 1923"
1622,NA,Russ Wilkin,1947,1947,Forward-Guard,6-1,190,"March 31, 1923"
1623,NA,Jim Zeravich,1947,1947,Center,6-7,190,"February 17, 1920"
1624,1001,John Abramovic,1948,1948,Forward,6-3,195,"February 9, 1919"
1625,NA,Warren Ajax,1948,1948,Forward-Center,6-2,170,"May 12, 1921"
1626,1205,Charlie Black,1948,1948,Forward-Center,6-5,200,"June 15, 1921"
1627,NA,Ed Bogdanski,1948,1948,Forward,6-4,220,"July 30, 1921"
1628,NA,Wally Borrevik,1948,1948,Center-Forward,6-7,205,"November 14, 1921"
1629,1304,Harry Boykoff,1948,1949,Center,6-10,225,"July 24, 1922"
1630,1307,Frankie Brian,1948,1949,Guard,6-1,180,"May 1, 1923"
1631,1212,Bill Calhoun,1948,1948,Forward-Guard,6-3,180,"November 4, 1927"
1632,NA,Joe Camic,1948,1949,Forward-Center,6-4,195,"November 28, 1922"
1633,NA,Keith Carey,1948,1948,Guard,6-3,190,"March 5, 1920"
1634,1019,Don Carlson,1948,1948,Guard-Forward,6-0,170,"March 22, 1919"
1635,NA,Frank Carswell,1948,1948,Guard,6-0,185,"November 6, 1919"
1636,1315,Paul Cloyd,1948,1949,Guard-Forward,6-2,180,"June 13, 1920"
1637,NA,Ted Cook,1948,1949,Guard,6-0,160,"April 15, 1921"
1638,1215,Fran Curran,1948,1948,Guard,6-0,175,"September 19, 1925"
1639,NA,Les Deaton,1948,1949,Forward-Center,6-4,210,"September 23, 1923"
1640,NA,Bill DeVenzio,1948,1948,Guard,6-0,185,"August 2, 1924"
1641,1217,Andy Duncan,1948,1948,Forward-Center,6-6,195,"April 17, 1922"
1642,NA,Bill Durkee,1948,1948,Guard-Forward,6-3,205,"July 14, 1921"
1643,1218,Jack Dwan,1948,1948,Forward-Guard,6-4,200,"May 3, 1921"
1644,1168,Johnny Ezersky,1948,1948,Forward-Guard,6-3,175,NA
1645,NA,Jack Forestieri,1948,1948,Guard-Forward,6-0,185,"August 12, 1927"
1646,NA,Freddie Gantt,1948,1948,Forward-Guard,6-3,170,"November 27, 1922"
1647,NA,Hal Gensichen,1948,1948,Guard,5-11,170,"January 2, 1921"
1648,NA,John Gibbs,1948,1948,Guard,6-6,190,"August 26, 1915"
1649,NA,Jackie Goldsmith,1948,1948,Guard,5-7,150,"January 21, 1921"
1650,1337,Don Grate,1948,1948,Forward-Guard,6-2,185,"August 27, 1923"
1651,1053,Wyndol Gray,1948,1948,Guard-Forward,6-1,175,"March 20, 1922"
1652,1230,Ralph Hamilton,1948,1948,Guard-Forward,6-1,188,"June 10, 1921"
1653,1058,Cecil Hankins,1948,1948,Guard,6-1,175,"January 6, 1922"
1654,1343,John Hargis,1948,1949,Guard-Forward,6-2,180,"August 20, 1920"
1655,NA,Jim Homer,1948,1949,Forward-Center,6-5,220,"December 5, 1921"
1656,1175,Bob Hubbard,1948,1948,Center-Forward,6-6,215,"December 27, 1922"
1657,1066,John Janisch,1948,1948,Forward-Guard,6-3,200,"March 15, 1920"
1658,1067,Tony Jaros,1948,1948,Forward-Guard,6-3,185,"February 22, 1920"
1659,1351,Ralph Johnson,1948,1949,Guard,5-11,170,"December 6, 1921"
1660,1178,Johnny Jorgensen,1948,1948,Guard-Forward,6-2,185,"December 28, 1921"
1661,NA,Jimmy Joyce,1948,1948,Forward,6-5,195,"October 23, 1924"
1662,NA,LeRoy King,1948,1948,Center,6-7,200,"December 24, 1921"
1663,1242,Walt Kirk,1948,1948,Guard-Forward,6-3,173,"September 3, 1924"
1664,NA,Bob Kitterman,1948,1948,Guard-Forward,6-0,180,"April 2, 1923"
1665,NA,Hal Korovin,1948,1948,Center,6-5,205,"April 19, 1925"
1666,1358,Walt Lautenbach,1948,1949,Guard-Forward,6-2,185,"November 17, 1922"
1667,NA,Joe Lord,1948,1948,Guard,6-1,175,"December 28, 1922"
1668,1253,John Mandic,1948,1948,Forward-Center,6-4,205,"October 3, 1919"
1669,1368,Dick Mehen,1948,1949,Forward-Center,6-5,195,"May 20, 1922"
1670,1369,Ken Menke,1948,1948,Guard,6-0,168,"October 2, 1922"
1671,1258,Fritz Nagy,1948,1948,Guard-Forward,6-2,185,"January 3, 1924"
1672,1259,Paul Napolitano,1948,1948,Forward-Guard,6-2,185,"February 3, 1923"
1673,NA,Bob O'Shaughnessy,1948,1948,Guard,6-0,175,"February 2, 1921"
1674,1114,Garland O'Shields,1948,1948,Guard-Forward,6-1,195,"May 23, 1921"
1675,NA,Ray Patterson,1948,1948,Forward,6-2,195,"January 15, 1922"
1676,1267,Jim Pollard,1948,1948,Forward-Center,6-4,185,"July 9, 1922"
1677,1269,Roy Pugh,1948,1948,Center-Forward,6-6,210,"October 16, 1922"
1678,1271,Ray Ramsey,1948,1948,Guard-Forward,6-2,165,"July 18, 1921"
1679,NA,Ocie Richie,1948,1948,Forward,6-3,195,"November 16, 1921"
1680,1193,Jack Rocker,1948,1948,Center-Forward,6-5,185,"August 12, 1922"
1681,NA,Abel Rodrigues,1948,1948,Guard,6-0,175,"January 16, 1922"
1682,NA,Ted Scalissi,1948,1948,Guard,5-8,160,"October 26, 1921"
1683,1134,Milt Schoon,1948,1949,Center,6-7,230,"February 25, 1922"
1684,NA,Johnny Sebastian,1948,1949,Guard,6-0,185,"November 20, 1921"
1685,1401,Glen Selbo,1948,1949,Guard-Forward,6-3,196,"March 29, 1926"
1686,NA,Bob Skarda,1948,1948,Guard-Forward,6-3,190,"November 28, 1925"
1687,NA,Danny Smick,1948,1948,Forward-Center,6-5,215,"December 24, 1915"
1688,1280,Jack Smiley,1948,1948,Forward-Guard,6-3,190,"December 22, 1922"
1689,1283,Jim Springer,1948,1948,Center,6-9,235,"June 17, 1926"
1690,1407,Mike Todorovich,1948,1949,Forward-Center,6-5,220,"June 11, 1923"
1691,1155,Virgil Vaughn,1948,1948,Forward-Center,6-4,205,"May 15, 1918"
1692,1409,Floyd Volker,1948,1949,Forward-Center,6-4,205,"June 21, 1921"
1693,1410,Whitey Von Nieda,1948,1949,Guard-Forward,6-1,170,"June 19, 1922"
1694,1412,Danny Wagner,1948,1949,Guard,6-0,170,"August 1, 1922"
1695,NA,Ken Walters,1948,1948,Guard,6-0,160,"April 29, 1922"
1696,1291,Bobby Wanzer,1948,1948,Guard,6-0,170,"June 4, 1921"
1697,1295,Matt Zunic,1948,1948,Guard-Forward,6-3,195,"December 19, 1919"
1698,NA,Len Alterman,1949,1949,Guard,6-3,185,"March 8, 1922"
1699,NA,Art Bakeraitis,1949,1949,Forward-Center,6-4,210,"February 19, 1925"
1700,1300,Gene Berce,1949,1949,Guard-Forward,5-11,175,"November 22, 1926"
1701,NA,Ralph Bishop,1949,1949,Forward,6-4,190,"October 1, 1915"
1702,1306,Bob Brannum,1949,1949,Forward-Center,6-5,215,"May 28, 1925"
1703,NA,Bill Brown,1949,1949,Forward,6-3,205,"August 2, 1922"
1704,NA,Rookie Brown,1949,1949,Forward-Center,6-4,190,"February 15, 1925"
1705,1308,Jack Burmaster,1949,1949,Guard,6-3,190,"December 23, 1926"
1706,NA,Kenton Campbell,1949,1949,Forward,6-4,198,"June 10, 1926"
1707,1310,Jake Carter,1949,1949,Forward-Center,6-4,195,"July 25, 1924"
1708,NA,Doyle Cofer,1949,1949,Forward,6-4,NA,"January 18, 1923"
1709,1317,Bobby Cook,1949,1949,Guard-Forward,5-10,155,"April 1, 1923"
1710,1319,Jack Cotton,1949,1949,Forward-Center,6-7,200,"October 15, 1924"
1711,1214,Dillard Crocker,1949,1949,Forward-Guard,6-4,205,"January 19, 1925"
1712,NA,George Crowe,1949,1949,Forward-Center,6-2,206,"March 22, 1921"
1713,1320,Jimmy Darden,1949,1949,Guard,6-1,170,"June 19, 1922"
1714,1026,Aubrey Davis,1949,1949,Guard-Forward,6-2,175,"March 28, 1921"
1715,NA,Hal Devoll,1949,1949,Forward-Center,6-6,210,"September 29, 1923"
1716,1426,Hank DeZonie,1949,1949,Center-Forward,6-6,215,"February 12, 1922"
1717,1030,Bob Doll,1949,1949,Forward-Center,6-5,195,"August 10, 1919"
1718,1220,Ray Ellefson,1949,1949,Center,6-8,230,"November 18, 1922"
1719,NA,Len Ford,1949,1949,Center-Forward,6-4,230,"February 18, 1926"
1720,1329,Bill Gabor,1949,1949,Guard-Forward,5-11,170,"May 13, 1922"
1721,1332,Dee Gibson,1949,1949,Forward-Guard,5-11,175,"August 25, 1923"
1722,1333,Hoot Gibson,1949,1949,Forward-Center,6-5,198,"December 5, 1921"
1723,NA,Boody Gilbertson,1949,1949,Guard-Forward,6-3,205,"July 3, 1922"
1724,NA,Art Grove,1949,1949,Center,6-0,185,"March 17, 1923"
1725,NA,Bob Gruenig,1949,1949,Center,6-8,220,"March 12, 1913"
1726,1339,Al Guokas,1949,1949,Forward-Guard,6-5,200,"August 7, 1925"
1727,1342,Alex Hannum,1949,1949,Forward-Center,6-7,210,"July 19, 1923"
1728,NA,Shag Hawkins,1949,1949,Forward,6-4,225,"September 23, 1920"
1729,1347,Marshall Hawkins,1949,1949,Forward,6-3,205,"August 3, 1924"
1730,NA,Herb Hutchisson,1949,1949,Guard-Forward,6-5,190,"April 19, 1915"
1731,NA,Johnny Isaacs,1949,1949,Guard,6-3,190,"September 15, 1915"
1732,1069,Noble Jorgensen,1949,1949,Center,6-9,228,"May 18, 1925"
1733,NA,Tony Kaseta,1949,1949,Center,6-8,220,"September 9, 1923"
1734,NA,Vic Krafft,1949,1949,Guard,6-3,195,"June 3, 1919"
1735,1356,Leo Kubiak,1949,1949,Guard,5-11,160,"December 25, 1927"
1736,NA,Gene Lalley,1949,1949,Guard,5-9,160,"August 16, 1922"
1737,NA,Bobby Lowther,1949,1949,Forward-Center,6-5,190,"December 14, 1923"
1738,NA,Carl Loyd,1949,1949,Guard,5-11,170,"November 24, 1925"
1739,1363,Johnny Macknowski,1949,1949,Guard-Forward,6-0,180,"January 7, 1923"
1740,NA,Bud Mendenhall,1949,1949,Guard,5-10,155,"October 22, 1925"
1741,NA,Ed Mills,1949,1949,Center,6-8,225,"February 23, 1922"
1742,NA,Guy Mitchell,1949,1949,Forward-Guard,6-3,190,"January 3, 1923"
1743,NA,Ward Myers,1949,1949,Guard,6-1,185,"April 19, 1908"
1744,NA,Hank O'Keeffe,1949,1949,Forward,6-3,195,"December 12, 1923"
1745,1389,Ed Peterson,1949,1949,Center,6-9,220,"June 27, 1924"
1746,NA,Longie Powell,1949,1949,Forward-Center,6-4,NA,"February 14, 1919"
1747,NA,Leroy Pryor,1949,1949,Forward-Guard,6-3,180,"June 2, 1926"
1748,1393,Don Ray,1949,1949,Forward-Center,6-5,190,"July 8, 1921"
1749,1194,Ben Schadler,1949,1949,Forward,6-0,185,"March 9, 1924"
1750,1398,Dolph Schayes,1949,1949,Forward-Center,6-7,195,"May 19, 1928"
1751,NA,Tom Sealy,1949,1949,Guard,6-1,190,"January 31, 1921"
1752,NA,Ollie Shoaff,1949,1949,Guard,5-10,165,"November 10, 1923"
1753,1279,Dick Shrider,1949,1949,Guard,6-2,190,"February 7, 1923"
1754,NA,Jack Spencer,1949,1949,Forward,6-3,160,"April 25, 1923"
1755,NA,Mo Udall,1949,1949,Forward,6-5,200,"June 15, 1922"
1756,NA,Jim Usry,1949,1949,Forward-Center,6-4,225,"February 2, 1922"
1757,NA,Jack Walton,1949,1949,Forward,6-2,190,"May 19, 1926"
1758,NA,Dave Wareham,1949,1949,Guard,6-1,185,"June 18, 1924"
1759,NA,Jack Watkins,1949,1949,Guard,6-2,180,"October 27, 1923"
1760,1414,Murray Wier,1949,1949,Guard,5-9,155,"December 12, 1926"
1761,NA,Kayo Wnorowski,1949,1949,Guard,6-0,215,"October 4, 1921"
1762,NA,Eddie Wollen,1949,1949,Forward,NA,NA,NA
1763,NA,Sonny Wood,1949,1949,Guard,5-11,195,"December 11, 1922"
1764,NA,Paul Yesawich,1949,1949,Forward,6-2,190,"November 27, 1923"
